JURISDICTION,SEX,2000,,,,2001,,,,2002,,,,2003,,,,2004,,,,2005,,,,2006,,,,2007,,,,2008,,,,2009,,,,2010,,,,2011,,,,2012,,,,2013,,,,2014,,,,2015,,,,2016,,,,,,,,,,,
,,Admissions,Releases,Parole Violators,Population,Admissions,Releases,Parole Violators,Population,Admissions,Releases,Parole Violators,Population,Admissions,Releases,Parole Violators,Population,Admissions,Releases,Parole Violators,Population,Admissions,Releases,Parole Violators,Population,Admissions,Releases,Parole Violators,Population,Admissions,Releases,Parole Violators,Population,Admissions,Releases,Parole Violators,Population,Admissions,Releases,Parole Violators,Population,Admissions,Releases,Parole Violators,Population,Admissions,Releases,Parole Violators,Population,Admissions,Releases,Parole Violators,Population,Admissions,Releases,Parole Violators,Population,Admissions,Releases,Parole Violators,Population,Admissions,Releases,Parole Violators,Population,Admissions,Releases,Parole Violators,Population,Total Admissions,Total Releases,Difference,%,% point diff,AVG Prison Pop.,AVG Parole Violators,AVG % Violators / Pop.
National Statistics (U.S. Total) ,Total,389734,643062,"207,755","1,394,231",405422,"635,561","220,064","1,404,032",433959,"640,349","213,455","1,440,144",445556,"662,857","205,062","1,468,601",457096,"680,587","226,211","1,497,100",470149,"708,989","239,560","1,525,910",492315,"716,585","246,571","1,568,674",479710,"727,364","252,775","1,596,835",477100,"740,976","253,035","1,608,282",474997,"738,992","242,347","1,615,487",458360,"714,231","231,917","1,613,803",454526,"696,306","205,297","1,598,968",444214,"642,857","152,724","1,570,397",454819,"629,949","158,143","1,576,950",448445,"641,961","164,225","1,562,319",429074,"646,881","164,626","1,526,603",419028,"630,661","173,468","1,505,397"," 	7,634,504 ","11,498,168"," 	(3,863,664)",150.61%,N/A," 	1,533,749 ","209,249",14%
,Male,348441,"578,059","189,801","1,300,997",361887,"571,680","201,966","1,311,053",386094,"575,729","195,727","1,342,513",397275,"596,804","184,633","1,367,755",405203,"610,406","207,250","1,392,278",414322,"633,154","218,783","1,418,392",433545,"638,661","225,232","1,456,366",423307,"648,604","230,353","1,482,524",421048,"660,426","230,838","1,493,670",420975,"660,404","221,387","1,502,002",404876,"639,055","213,050","1,500,936",402266,"623,611","189,021","1,487,561",391829,"572,995","140,213","1,461,625",398815,"559,704","144,146","1,465,592",391985,"569,394","148,845","1,449,291",374176,"571,272","148,432","1,415,112",363258,"555,272","156,137","1,393,975"," 	6,739,302 ","10,265,230"," 	(3,525,928)",152.32%,N/A," 	1,425,979 ","190,930",13%
,Female,41293,"65,003","17,954","93,234",43535,"63,881","18,098","92,979",47865,"64,620","17,728","97,631",48281,"66,053","20,429","100,846",51893,"70,181","18,961","104,822",55827,"75,835","20,777","107,518",58770,"77,924","21,339","112,308",56403,"78,760","22,422","114,311",56052,"80,550","22,197","114,612",54022,"78,588","20,960","113,485",53484,"75,176","18,867","112,867",52260,"72,695","16,276","111,407",52385,"69,862","12,511","108,772",56004,"70,245","13,997","111,358",56460,"72,567","15,380","113,028",54898,"75,609","16,194","111,491",55770,"75,389","17,331","111,422"," 	895,202 ","1,232,938"," 	(337,736)",137.73%,N/A," 	107,770 ","18,319",17%
Federal ,Total,39303,"35,888","4,186","145,416",40193,"38,685","4,720","156,993",42303,"42,568","5,600","163,528",45713,"44,199","6,357","173,059",45796,"46,910","7,178","180,328",48723,"48,774","7,331","187,618",50204,"48,474","7,286","193,046",48691,"48,990","4,924","199,618",49270,"52,559","4,390","201,280",51524,"50,891","4,628","208,118",49515,"52,751","4,606","209,771",55817,"55,437","4,816","216,362",51241,"56,271","4,696","217,815",48818,"55,068","4,845","215,866",46145,"54,713","4,719","210,567",42573,"60,274","4,338","196,455",40432,"52,186","4,249","189,192"," 	796,261 ","844,638"," 	(48,377)",106.08%,N/A," 	192,061 ","5,228",3%
,Male,35609,"31,933","3,878","135,171",36086,"34,699","4,429","146,020",38150,"38,205","5,212","152,294",41364,"39,830","5,888","161,424",41528,"42,407","6,614","168,164",44110,"44,071","6,799","175,196",45464,"43,866","6,744","180,071",44008,"44,283","4,555","186,280",44742,"47,597","4,062","188,007",47006,"46,215","4,330","194,493",45030,"47,884","4,282","196,222",50940,"50,445","4,508","202,462",46351,"51,377","4,386","203,766",43864,"50,063","4,550","201,697",41502,"49,653","4,452","196,568",38155,"54,617","4,081","183,502",36141,"47,340","3,957","176,495"," 	720,050 ","764,485"," 	(44,435)",106.17%,N/A," 	179,284 ","4,866",3%
,Female,3694,"3,955",308,"10,245",4107,"3,986",291,"10,973",4153,"4,363",388,"11,234",4349,"4,369",469,"11,635",4268,"4,503",564,"12,164",4613,"4,703",532,"12,422",4740,"4,608",542,"12,975",4683,"4,707",369,"13,338",4528,"4,962",328,"13,273",4518,"4,676",298,"13,625",4485,"4,867",324,"13,549",4877,"4,992",308,"13,900",4890,"4,894",310,"14,049",4954,"5,005",295,"14,169",4643,"5,060",267,"13,999",4418,"5,657",257,"12,953",4291,"4,846",292,"12,697"," 	76,211 ","80,153"," 	(3,942)",105.17%,N/A," 	12,776 ",361,3%
State (Total) ,Total,350431,"607,174","203,569","1,248,815",365229,"596,876","215,344","1,247,039",391656,"597,781","207,855","1,276,616",399843,"618,658","198,705","1,295,542",411300,"633,677","219,033","1,316,772",421426,"660,215","232,229","1,338,292",442111,"668,111","239,285","1,375,628",431019,"678,374","247,851","1,397,217",427830,"688,417","248,645","1,407,002",423473,"688,101","237,719","1,407,369",408845,"661,480","227,311","1,404,032",398709,"640,869","200,481","1,382,606",392973,"586,586","148,028","1,352,582",406001,"574,881","153,298","1,361,084",402300,"587,248","159,506","1,351,752",386501,"586,607","160,288","1,330,148",378596,"578,475","169,219","1,316,205"," 	6,838,243 ","10,653,530"," 	(3,815,287)",155.79%,N/A," 	1,341,688 ","204,022",15%
,Male,312832,"546,126","185,923","1,165,826",325801,"536,981","197,537","1,165,033",347944,"537,524","190,515","1,190,219",355911,"556,974","178,745","1,206,331",363675,"567,999","200,636","1,224,114",370212,"589,083","211,984","1,243,196",388081,"594,795","218,488","1,276,295",379299,"604,321","225,798","1,296,244",376306,"612,829","226,776","1,305,663",373969,"614,189","217,057","1,307,509",359846,"591,171","208,768","1,304,714",351326,"573,166","184,513","1,285,099",345478,"521,618","135,827","1,257,859",354951,"509,641","139,596","1,263,895",350483,"519,741","144,393","1,252,723",336021,"516,655","144,351","1,231,610",327117,"507,932","152,180","1,217,480"," 	6,019,252 ","9,500,745"," 	(3,481,493)",157.84%,N/A," 	1,246,695 ","186,064",15%
,Female,37599,"61,048","17,646","82,989",39428,"59,895","17,807","82,006",43712,"60,257","17,340","86,397",43932,"61,684","19,960","89,211",47625,"65,678","18,397","92,658",51214,"71,132","20,245","95,096",54030,"73,316","20,797","99,333",51720,"74,053","22,053","100,973",51524,"75,588","21,869","101,339",49504,"73,912","20,662","99,860",48999,"70,309","18,543","99,318",47383,"67,703","15,968","97,507",47495,"64,968","12,201","94,723",51050,"65,240","13,702","97,189",51817,"67,507","15,113","99,029",50480,"69,952","15,937","98,538",51479,"70,543","17,039","98,725"," 	818,991 ","1,152,785"," 	(333,794)",140.76%,N/A," 	94,994 ","17,958",19%
Alabama ,Total,5499,"7,331",670,"26,406",6675,"8,100",618,"26,741",6135,"7,674",835,"27,947",9524,"10,191",0,"27,913",7371,"9,348",436,"25,887",8274,"10,659","1,432","27,888",8554,"11,492","1,464","28,241",9247,"11,315","1,436","29,412",9627,"11,865","1,393","30,508",10562,"12,644","1,539","31,874",9613,"12,488","1,439","31,764",9302,"11,646","1,242","32,270",9201,"11,958","1,116","32,431",9191,"12,181","1,105","32,381",8827,"12,327","1,137","31,771",8507,"12,367","1,136","30,810",7738,"13,625","1,234","28,883"," 	143,847 ","187,211"," 	(43,364)",130.15%,-0.26," 	29,596 ","1,072",4%
,Male,4896,"6,572",621,"24,580",5996,"7,222",579,"24,958",5439,"6,856",779,"26,250",9524,"10,191",0,"25,910",6413,"8,188",402,"24,139",7208,"9,351","1,277","25,923",7470,"10,157","1,319","26,191",8025,"9,880","1,335","27,254",8395,"10,388","1,272","28,277",9115,"11,074","1,401","29,419",8263,"10,922","1,313","29,261",8009,"10,110","1,148","29,696",7870,"10,391","1,027","29,782",7795,"10,553","1,012","29,660",7494,"10,527","1,044","29,182",7145,"10,665","1,037","28,220",6551,"11,639","1,135","26,506"," 	125,608 ","164,686"," 	(39,078)",131.11%,-0.27," 	27,365 ",982,4%
,Female,603,759,49,"1,826",679,878,39,"1,783",696,818,56,"1,697",0,0,0,"2,003",958,"1,160",34,"1,748",1066,"1,308",155,"1,965",1084,"1,335",145,"2,050",1222,"1,435",101,"2,158",1232,"1,477",121,"2,231",1447,"1,570",138,"2,455",1350,"1,566",126,"2,503",1293,"1,536",94,"2,574",1331,"1,567",89,"2,649",1396,"1,628",93,"2,721",1333,"1,800",93,"2,589",1362,"1,702",99,"2,590",1187,"1,986",99,"2,377"," 	18,239 ","22,525"," 	(4,286)",123.50%,-0.17," 	2,231 ",90,4%
Alaska ,Total,1132,"2,663","1,292","4,173",1110,"2,080","1,032","4,571",1110,"2,080","1,032","4,398",1449,"2,753","1,306","4,527",0,"2,743",0,"4,554",0,"2,719",0,"4,812",0,"2,730",0,"5,069",0,"3,316",0,"5,167",0,"3,741",0,"5,014",0,"3,219",0,"5,285",0,"3,091",0,"5,391",0,"3,599",0,"5,597",0,"3,774",0,"5,633",0,"3,774",0,"5,081",0,"3,774",0,"5,794",0,"4,085",0,"5,338",1650,"2,159",154,"4,434"," 	6,451 ","52,300"," 	(45,849)",810.73%,6.55," 	4,990 ",283,6%
,Male,981,"2,339","1,156","3,889",957,"1,837",917,"4,212",957,"1,837",917,"4,049",1281,"2,483","1,180","4,135",0,"2,475",0,"4,157",0,"2,454",0,"4,347",0,"2,457",0,"4,551",0,"2,851",0,"4,603",0,"3,183",0,"4,511",0,"2,729",0,"4,696",0,"2,667",0,"4,782",0,"2,953",0,"4,932",0,"3,080",0,"4,934",0,"3,080",0,"4,450",0,"3,080",0,"5,091",0,"2,966",0,"4,761",1374,"1,826",128,"4,024"," 	5,550 ","44,297"," 	(38,747)",798.14%,6.40," 	4,478 ",253,6%
,Female,151,324,136,284,153,243,115,359,153,243,115,349,168,270,126,392,0,268,0,397,0,265,0,465,0,273,0,518,0,465,0,564,0,558,0,503,0,490,0,589,0,424,0,609,0,646,0,665,0,694,0,699,0,694,0,631,0,694,0,703,0,"1,119",0,577,276,333,26,410, 	901 ,"8,003"," 	(7,102)",888.24%,7.47, 	513 ,30,6%
Arizona ,Total,7004,"9,120","2,556","26,510",7727,"9,067","2,273","27,710",8929,"10,080","2,539","29,359",9550,"10,409","2,407","31,170",9270,"10,205","2,073","32,515",10069,"11,940","2,366","33,471",11496,"12,220","2,458","35,801",11912,"12,567","2,134","37,746",12436,"13,214","2,377","39,502",12454,"13,867","1,933","40,544",11005,"13,512","2,129","40,209",10409,"13,162","2,518","40,020",10469,"13,008","2,394","40,080",11069,"12,942","2,357","41,177",11989,"13,521","2,449","42,259",11920,"14,100","2,723","42,719",11042,"13,869","2,489","42,320"," 	178,750 ","206,803"," 	(28,053)",115.69%,-0.40," 	36,654 ","2,363",6%
,Male,6300,"8,306","2,354","24,546",6931,"8,273","2,110","25,542",7885,"9,082","2,360","26,931",8517,"9,360","2,204","28,514",8288,"9,180","1,914","29,750",8916,"10,643","2,187","30,575",10254,"10,945","2,265","32,650",10466,"11,209","1,903","34,286",10918,"11,676","2,158","35,739",11000,"12,289","1,747","36,768",9709,"11,956","1,886","36,521",9206,"11,599","2,268","36,470",9202,"11,588","2,178","36,447",9802,"11,518","2,156","37,402",10525,"11,981","2,221","38,295",10476,"12,505","2,491","38,738",9555,"12,207","2,246","38,323"," 	157,950 ","184,317"," 	(26,367)",116.69%,-0.41," 	33,382 ","2,156",6%
,Female,704,814,202,"1,964",796,794,163,"2,168",1044,998,179,"2,428",1033,"1,049",203,"2,656",982,"1,025",159,"2,765",1153,"1,297",179,"2,896",1242,"1,275",193,"3,151",1446,"1,358",231,"3,460",1518,"1,538",219,"3,763",1454,"1,578",186,"3,776",1296,"1,556",243,"3,688",1203,"1,563",250,"3,550",1267,"1,420",216,"3,633",1267,"1,424",201,"3,775",1464,"1,540",228,"3,964",1444,"1,595",232,"3,981",1487,"1,662",243,"3,997"," 	20,800 ","22,486"," 	(1,686)",108.11%,-0.33," 	3,271 ",207,6%
Arkansas ,Total,3551,"6,324","2,332","11,915",4049,"6,663","2,920","12,594",3787,"7,680","3,283","13,091",4111,"7,177","3,016","13,315",4678,"7,625","3,341","13,807",5903,"9,148","2,132","13,511",4544,"5,676","1,350","13,729",4771,"6,054","1,821","14,314",5286,"6,615","1,691","14,716",5169,"6,991","1,911","15,208",4874,"6,664","2,535","16,204",5516,"7,252","1,543","16,108",4588,"6,299","1,182","14,654",2725,"6,544","3,964","17,235",4218,"8,815","5,217","17,874",5480,"9,702","3,871","17,707",4431,"10,370","5,480","17,537"," 	77,681 ","125,599"," 	(47,918)",161.69%,0.06," 	14,913 ","2,799",19%
,Male,3146,"5,630","2,268","11,143",3605,"5,989","2,648","11,743",3389,"7,140","3,005","12,237",3644,"6,472","2,772","12,449",3883,"6,746","3,142","12,845",4905,"8,072","1,894","12,367",3857,"4,803","1,230","12,687",4167,"5,366","1,715","13,248",4645,"5,859","1,582","13,656",4516,"6,204","1,777","14,147",4281,"5,952","2,346","15,040",4911,"6,468","1,435","14,995",4043,"5,647","1,127","13,594",2196,"5,755","3,624","15,904",3543,"7,762","4,771","16,476",4634,"8,427","3,478","16,305",3657,"8,943","4,892","16,161"," 	67,022 ","111,235"," 	(44,213)",165.97%,0.08," 	13,823 ","2,571",19%
,Female,405,694,64,772,444,674,272,851,398,540,278,854,467,705,244,866,795,879,199,962,998,"1,076",238,"1,144",687,873,120,"1,042",604,688,106,"1,066",641,756,109,"1,060",653,787,134,"1,061",593,712,189,"1,164",605,784,108,"1,113",545,652,55,"1,060",529,789,340,"1,331",675,"1,053",446,"1,398",846,"1,275",393,"1,402",774,"1,427",588,"1,376"," 	10,659 ","14,364"," 	(3,705)",134.76%,-0.06," 	1,090 ",228,21%
California ,Total,40277,"130,271","89,363","163,001",37923,"130,408","88,972","159,444",38605,"120,128","85,574","161,361",43413,"119,090","81,899","164,487",46812,"118,083","76,725","166,556",48597,"121,956","80,962","170,676",48640,"130,246","89,883","175,512",46980,"136,088","92,628","174,282",46380,"137,060","94,447","173,670",44926,"132,732","84,779","171,275",41521,"121,988","77,422","165,062",36376,"109,585","60,293","149,569",26277,"47,705","8,017","134,534",31895,"36,353","6,400","135,981",33497,"38,559","5,268","136,085",30744,"41,257","4,046","129,593",31518,"34,528","4,212","130,390"," 	674,381 ","1,706,037"," 	(1,031,656)",252.98%,0.97," 	156,558 ","60,641",39%
,Male,35734,"117,436","81,321","151,840",33753,"117,736","81,541","149,523",34464,"109,214","78,548","151,374",38441,"108,765","71,765","153,831",41045,"107,112","70,622","155,368",42601,"109,940","74,190","159,009",42508,"117,216","82,329","163,535",41115,"122,480","84,699","162,654",40306,"123,704","86,462","162,050",39476,"119,795","77,660","160,286",36173,"110,530","71,984","155,104",32193,"100,110","56,509","141,382",24383,"43,489","7,720","128,436",29440,"33,996","6,122","129,684",30957,"35,922","5,068","129,703",28570,"38,322","3,904","123,808",29177,"32,199","4,055","124,487"," 	600,336 ","1,547,966"," 	(947,630)",257.85%,1.00," 	147,181 ","55,559",38%
,Female,4543,"12,835","8,042","11,161",4170,"12,672","7,431","9,921",4141,"10,914","7,026","9,987",4972,"10,325","10,134","10,656",5767,"10,971","6,103","11,188",5996,"12,016","6,772","11,667",6132,"13,030","7,554","11,977",5865,"13,608","7,929","11,628",6074,"13,356","7,985","11,620",5450,"12,937","7,119","10,989",5348,"11,458","5,438","9,958",4183,"9,475","3,784","8,187",1894,"4,216",297,"6,098",2455,"2,357",278,"6,297",2540,"2,637",200,"6,382",2174,"2,935",142,"5,785",2341,"2,329",157,"5,903"," 	74,045 ","158,071"," 	(84,026)",213.48%,0.73," 	9,377 ","5,082",54%
Colorado ,Total,4515,"6,210","2,516","16,833",4703,"7,000","2,541","17,448",5375,"6,944","2,576","18,833",5295,"7,528","2,703","19,671",5526,"8,598","3,108","20,293",6112,"9,336","3,782","21,456",6375,"10,038","4,092","22,481",6470,"11,106","4,486","22,841",6355,"11,061","4,720","23,274",5983,"11,674","5,053","22,795",5369,"11,343","5,180","22,815",5133,"10,409","4,319","21,978",5009,"11,025","4,396","20,462",5379,"10,236","4,741","20,371",5275,"9,870","4,867","20,646",5153,"9,958","4,138","20,041",5428,"8,934","3,279","19,981"," 	93,455 ","161,270"," 	(67,815)",172.56%,0.17," 	20,719 ","3,912",19%
,Male,4063,"5,559","2,257","15,500",4195,"6,242","2,296","16,073",4774,"6,220","2,331","17,267",4637,"6,703","2,418","17,935",4793,"7,621","2,765","18,393",5242,"8,139","3,332","19,336",5494,"8,754","3,602","20,179",5557,"9,609","3,938","20,506",5522,"9,553","4,168","20,980",5229,"10,136","4,475","20,694",4719,"9,864","4,606","20,763",4472,"9,173","3,783","19,957",4422,"9,653","3,919","18,739",4662,"9,072","4,206","18,556",4530,"8,649","4,294","18,738",4456,"8,681","3,641","18,199",4597,"7,777","2,901","18,078"," 	81,364 ","141,405"," 	(60,041)",173.79%,0.16," 	18,817 ","3,467",18%
,Female,452,651,259,"1,333",508,758,245,"1,375",601,724,245,"1,566",658,825,285,"1,736",733,977,343,"1,900",870,"1,197",450,"2,120",881,"1,284",490,"2,302",913,"1,497",548,"2,335",833,"1,508",552,"2,294",754,"1,538",578,"2,101",650,"1,479",574,"2,052",661,"1,236",536,"2,021",587,"1,372",477,"1,723",717,"1,164",535,"1,815",745,"1,221",573,"1,908",697,"1,277",497,"1,842",831,"1,157",378,"1,903"," 	12,091 ","19,865"," 	(7,774)",164.30%,0.24," 	1,902 ",445,23%
Connecticut ,Total,4949,"6,292","1,132","18,355",5416,"6,669","1,060","19,196",5892,"6,536","1,153","20,720",5362,"7,233","1,141","19,846",5423,"7,111","1,090","19,497",5374,"6,817","1,091","19,442",5727,"6,466","1,112","20,566",5516,"6,577","1,409","20,924",5335,"6,817","1,077","20,661",4998,"7,277","1,124","19,716",4997,"6,516","1,018","19,321",4818,"6,824",908,"18,324",4711,"6,417",800,"17,530",4597,"5,498",827,"17,563",4532,"6,128",879,"16,636",4482,"6,091",809,"15,816",4002,"5,772",635,"14,957"," 	86,131 ","111,041"," 	(24,910)",128.92%,-0.27," 	18,769 ","1,016",5%
,Male,4576,"5,658","1,004","16,949",4978,"6,026",945,"17,749",5380,"5,890","1,036","19,026",4950,"6,527","1,021","18,298",5009,"6,490",997,"18,009",4957,"6,249","1,013","17,953",5324,"5,924","1,019","18,972",5105,"6,035","1,331","19,428",4942,"6,245","1,008","19,159",4654,"6,647","1,045","18,381",4673,"5,969",935,"18,075",4469,"6,321",837,"17,090",4384,"5,870",722,"16,312",4238,"5,054",754,"16,328",4234,"5,721",814,"15,510",4225,"5,681",740,"14,695",3689,"5,349",570,"13,892"," 	79,787 ","101,656"," 	(21,869)",127.41%,-0.30," 	17,402 ",929,5%
,Female,373,634,128,"1,406",438,643,115,"1,447",512,646,117,"1,694",412,706,120,"1,548",414,621,93,"1,488",417,568,78,"1,489",403,542,93,"1,594",411,542,78,"1,496",393,572,69,"1,502",344,630,79,"1,335",324,547,83,"1,246",349,503,71,"1,234",327,547,78,"1,218",359,444,73,"1,235",298,407,65,"1,126",257,410,69,"1,121",313,423,65,"1,065"," 	6,344 ","9,385"," 	(3,041)",147.94%,0.07," 	1,367 ",87,6%
Delaware ,Total,1454,"2,287",872,"6,921",1377,"2,369",849,"7,003",2642,"4,155",710,"6,778",1414,"2,211",656,"6,794",1134,"2,106",498,"6,927",991,"1,583",399,"6,944",1110,"1,478",402,"7,186",1386,"1,912",467,"7,257",1175,"1,621",291,"7,057",1283,"1,705",248,"6,775",1295,"1,686",276,"6,615",2714,"3,611",302,"6,739",2610,"4,022",389,"6,914",2798,"4,264",321,"7,004",2711,"4,230",610,"6,955",2435,"4,272",684,"6,654",2337,"4,049",729,"6,585"," 	30,866 ","47,561"," 	(16,695)",154.09%,-0.02," 	6,889 ",512,7%
,Male,1276,"2,024",754,"6,324",1187,"2,049",749,"6,412",2349,"3,640",618,"6,236",1272,"1,908",544,"6,286",1028,"1,826",426,"6,370",921,"1,417",339,"6,389",1029,"1,293",318,"6,615",1267,"1,614",376,"6,682",1077,"1,378",220,"6,502",1157,"1,483",196,"6,284",1155,"1,509",245,"6,149",2298,"3,034",244,"6,202",2195,"3,343",307,"6,348",2329,"3,535",249,"6,405",2246,"3,454",477,"6,361",2056,"3,520",511,"6,117",1955,"3,311",559,"6,047"," 	26,797 ","40,338"," 	(13,541)",150.53%,-0.07," 	6,337 ",420,7%
,Female,178,263,118,597,190,320,100,591,293,515,92,542,142,303,112,508,106,280,72,557,70,166,60,555,81,185,84,571,119,298,91,575,98,243,71,555,126,222,52,491,140,177,31,466,416,577,58,537,415,679,82,566,469,729,72,599,465,776,133,594,379,752,173,537,382,738,170,538," 	4,069 ","7,223"," 	(3,154)",177.51%,0.37, 	552 ,92,17%
District of Columbia ,Total,868,"3,350",635,"10,352",0,0,0,0,0,0,0,0,0,0,0,0,0,0,0,0,0,0,0,0,0,0,0,0,0,0,0,0,0,0,0,0,0,0,0,0,0,0,0,0,0,0,0,0,0,0,0,0,0,0,0,0,0,0,0,0,0,0,0,0,0,0,0,0, 	868 ,"3,350"," 	(2,482)",385.94%,2.30, 	609 ,37,6%
,Male,782,"3,266",558,"9,996",0,0,0,0,0,0,0,0,0,0,0,0,0,0,0,0,0,0,0,0,0,0,0,0,0,0,0,0,0,0,0,0,0,0,0,0,0,0,0,0,0,0,0,0,0,0,0,0,0,0,0,0,0,0,0,0,0,0,0,0,0,0,0,0, 	782 ,"3,266"," 	(2,484)",417.65%,2.60, 	588 ,33,6%
,Female,86,84,77,356,0,0,0,0,0,0,0,0,0,0,0,0,0,0,0,0,0,0,0,0,0,0,0,0,0,0,0,0,0,0,0,0,0,0,0,0,0,0,0,0,0,0,0,0,0,0,0,0,0,0,0,0,0,0,0,0,0,0,0,0,0,0,0,0, 	86 ,84, 	2 ,97.67%,-0.43, 	21 ,5,22%
Florida ,Total,25126,"34,127","2,212","71,319",24918,"34,119","2,102","72,404",26557,"33,827","2,072","75,210",29696,"34,785","2,046","82,012",30299,"37,044","2,373","85,533",33107,"42,348",496,"89,768",36155,"35,598",134,"92,969",32253,"28,705",246,"98,219",39997,"37,277",116,"102,388",37151,"37,167",121,"103,915",31986,"32,768",90,"104,306",32358,"34,673",101,"103,055",31129,"33,661",119,"101,930",32373,"32,855",105,"103,028",30984,"32,754",114,"102,870",29667,"32,690",106,"101,424",28236,"31,166",99,"99,974"," 	531,992 ","585,564"," 	(53,572)",110.07%,-0.46," 	93,548 ",744,1%
,Male,22772,"31,255","2,136","67,214",22513,"31,057","2,022","68,122",23925,"30,732","2,003","70,615",26648,"31,466","1,978","76,847",27003,"33,342","2,281","79,873",29362,"38,052",461,"83,615",32025,"31,673",128,"86,480",28714,"25,487",241,"91,365",35439,"32,950",112,"95,237",33100,"33,036",119,"96,632",28247,"29,129",89,"96,956",28699,"30,709",100,"95,913",27551,"29,866",119,"94,945",28475,"29,181",105,"95,757",27151,"28,898",111,"95,567",26137,"28,734",104,"94,481",24776,"27,555",97,"93,111"," 	472,537 ","523,122"," 	(50,585)",110.70%,-0.47," 	87,219 ",718,1%
,Female,2354,"2,872",76,"4,105",2405,"3,062",80,"4,282",2632,"3,095",69,"4,595",3048,"3,319",68,"5,165",3296,"3,702",92,"5,660",3745,"4,296",35,"6,153",4130,"3,925",6,"6,489",3539,"3,218",5,"6,854",4558,"4,327",4,"7,151",4051,"4,131",2,"7,283",3739,"3,639",1,"7,350",3659,"3,964",1,"7,142",3578,"3,795",0,"6,985",3898,"3,674",0,"7,271",3833,"3,856",3,"7,303",3530,"3,956",2,"6,943",3460,"3,611",2,"6,863"," 	59,455 ","62,442"," 	(2,987)",105.02%,-0.36," 	6,329 ",26,0%
Georgia ,Total,13720,"15,048","3,653","44,232",14256,"16,002","3,086","45,937",15574,"16,941","2,504","47,445",14932,"17,696","2,643","47,208",11489,"19,115","8,648","51,104",11009,"18,119","8,218","48,749",18225,"18,011","4,122","52,792",12156,"19,298","8,896","54,256",10731,"20,455","7,854","52,719",10030,"16,944","7,555","56,986",9529,"17,560","7,174","56,432",13254,"15,607","1,623","55,944",13940,"15,708","1,794","55,457",17594,"19,990","1,878","54,004",16614,"19,394","1,838","52,949",14919,"18,012","2,201","52,193",15491,"16,217","2,086","53,627"," 	233,463 ","300,117"," 	(66,654)",128.55%,-0.27," 	51,884 ","4,457",9%
,Male,12370,"13,324","3,125","41,474",12751,"14,262","2,827","43,103",13714,"15,053","2,244","44,316",13190,"15,787","2,425","44,063",10394,"16,896","7,698","47,668",9970,"16,207","7,414","45,856",15871,"16,090","3,737","49,235",10934,"17,182","7,977","50,711",9417,"18,249","6,840","49,027",9007,"15,161","6,709","53,063",8601,"15,803","6,407","52,598",11989,"14,381","1,530","52,027",12649,"14,070","1,711","51,868",15578,"17,924","1,783","50,445",14635,"17,327","1,747","49,438",13094,"16,122","2,060","48,578",13574,"14,331","1,951","49,839"," 	207,738 ","268,169"," 	(60,431)",129.09%,-0.29," 	48,430 ","4,011",8%
,Female,1350,"1,724",528,"2,758",1505,"1,740",259,"2,834",1860,"1,888",260,"3,129",1742,"1,909",218,"3,145",1095,"2,219",950,"3,436",1039,"1,912",804,"2,893",2354,"1,921",385,"3,557",1222,"2,116",919,"3,545",1314,"2,206","1,014","3,692",1023,"1,783",846,"3,923",928,"1,757",767,"3,834",1265,"1,226",93,"3,917",1291,"1,638",83,"3,589",2016,"2,066",95,"3,559",1979,"2,067",91,"3,511",1825,"1,890",141,"3,615",1917,"1,886",135,"3,788"," 	25,725 ","31,948"," 	(6,223)",124.19%,-0.17," 	3,454 ",446,13%
Hawaii ,Total,1019,"1,391",575,"5,053",702,"1,601",998,"5,431",804,"1,744","1,088","5,423",785,"1,526","1,047","5,828",764,"1,691",913,"5,960",734,"1,439",928,"6,146",764,"1,514",691,"5,967",743,"1,531",771,"5,978",823,"1,808",908,"5,955",792,"1,916",922,"5,891",841,"1,764",736,"5,912",692,"1,404",674,"6,037",854,"1,631",670,"5,831",758,"1,615",622,"5,632",1116,"1,184",729,"5,866",844,"1,293",671,"5,879",926,"1,666",612,"5,602"," 	13,961 ","26,718"," 	(12,757)",191.38%,0.36," 	5,788 ",797,14%
,Male,797,"1,104",500,"4,492",585,"1,342",831,"4,815",674,"1,477",933,"4,754",652,"1,278",928,"5,143",623,"1,402",763,"5,261",630,"1,217",792,"5,414",630,"1,255",525,"5,233",653,"1,308",634,"5,232",717,"1,530",767,"5,227",670,"1,618",780,"5,190",659,"1,401",589,"5,184",601,"1,163",555,"5,304",733,"1,425",588,"5,143",671,"1,393",521,"4,972",986,"1,010",653,"5,198",716,"1,082",545,"5,177",808,"1,450",512,"4,934"," 	11,805 ","22,455"," 	(10,650)",190.22%,0.32," 	5,098 ",672,13%
,Female,222,287,75,561,117,259,167,616,130,267,155,669,133,248,119,685,141,289,150,699,104,222,136,732,134,259,166,734,90,223,137,746,106,278,141,728,122,298,142,701,182,363,147,728,91,241,119,733,121,206,82,688,87,222,101,660,130,174,76,668,128,211,126,702,118,216,100,668," 	2,156 ","4,263"," 	(2,107)",197.73%,0.57, 	689 ,126,18%
Idaho ,Total,1985,"2,714",875,"5,535",2380,"2,539",319,"5,984",2677,"2,864",372,"5,746",2770,"3,039",398,"5,737",3199,"3,490","1,193","6,375",3750,"3,573",325,"6,818",3871,"3,835",258,"7,124",3815,"3,868",240,"7,319",3584,"3,908",283,"7,290",3506,"3,760",351,"7,400",4021,"4,277",280,"7,431",3531,"4,111",0,"7,739",4306,"4,624",262,"7,985",3539,"3,762",180,"8,242",1570,"4,540","3,012","8,117",1599,"5,320","2,483","8,052",3768,"5,480","1,987","8,252"," 	53,871 ","65,704"," 	(11,833)",121.97%,-0.34," 	7,126 ",754,11%
,Male,1701,"2,309",781,"5,042",1960,"2,143",283,"5,443",2205,"2,425",338,"5,154",2285,"2,513",359,"5,146",2620,"2,926","1,043","5,728",3070,"2,962",290,"6,027",3199,"3,110",219,"6,347",3199,"3,249",214,"6,519",3016,"3,273",258,"6,532",2971,"3,177",319,"6,656",3357,"3,642",244,"6,621",2894,"3,424",0,"6,854",3523,"3,979",224,"6,977",2857,"3,075",161,"7,176",1306,"3,693","2,424","7,080",1315,"4,252","1,943","7,068",2912,"4,400","1,708","7,239"," 	44,390 ","54,552"," 	(10,162)",122.89%,-0.35," 	6,330 ",636,10%
,Female,284,405,94,493,420,396,36,541,472,439,34,592,485,526,39,591,579,564,150,647,680,611,35,791,672,725,39,777,616,619,26,800,568,635,25,758,535,583,32,744,664,635,36,810,637,687,0,885,783,645,38,"1,008",682,687,19,"1,066",264,847,588,"1,037",284,"1,068",540,984,856,"1,080",279,"1,013"," 	9,481 ","11,152"," 	(1,671)",117.62%,-0.23, 	796 ,118,15%
Illinois ,Total,19112,"29,364","10,227","45,281",20085,"36,508","15,200","44,348",22779,"36,314","11,556","42,693",23319,"35,517","12,632","43,418",24512,"38,799","14,676","44,054",25521,"39,166","14,254","44,919",26026,"39,403","14,044","45,106",25325,"35,919","10,383","45,215",24266,"35,905","11,789","45,474",24807,"38,115","12,850","45,161",20214,"31,126","13,931","48,418",20068,"31,221","10,908","48,427",19881,"30,172","10,807","49,348",21761,"31,426","9,026","48,653",20769,"30,117","8,835","48,278",18075,"29,732","8,975","46,240",16831,"28,652","8,828","43,657"," 	373,351 ","577,456"," 	(204,105)",154.67%,-0.01," 	45,805 ","11,701",26%
,Male,16928,"26,331","9,410","42,432",17824,"32,720","13,824","41,601",20227,"32,576","10,621","40,173",20577,"31,998","11,687","40,718",21456,"34,819","13,713","41,304",22472,"35,130","13,302","42,194",22980,"35,290","13,097","42,386",22443,"32,582","9,825","42,391",21653,"32,533","11,140","42,753",22274,"34,824","12,251","42,571",18160,"28,629","13,170","45,496",18154,"28,793","10,453","45,562",17985,"27,825","10,356","46,599",19421,"28,714","8,626","45,737",18655,"27,594","8,456","45,390",16320,"27,300","8,560","43,565",15033,"26,350","8,435","41,044"," 	332,562 ","524,008"," 	(191,446)",157.57%,-0.00," 	43,054 ","10,996",26%
,Female,2184,"3,033",817,"2,849",2261,"3,788","1,376","2,747",2552,"3,738",935,"2,520",2742,"3,519",945,"2,700",3056,"3,980",963,"2,750",3049,"4,036",952,"2,725",3046,"4,113",947,"2,720",2882,"3,337",558,"2,824",2613,"3,372",649,"2,721",2533,"3,291",599,"2,590",2054,"2,497",761,"2,922",1914,"2,428",455,"2,865",1896,"2,347",451,"2,749",2340,"2,712",400,"2,916",2114,"2,523",379,"2,888",1755,"2,432",415,"2,675",1798,"2,302",393,"2,613"," 	40,789 ","53,448"," 	(12,659)",131.04%,-0.10," 	2,751 ",706,26%
Indiana ,Total,10542,"11,069","1,334","20,125",11697,"12,219","1,275","20,966",12427,"13,351","1,409","21,611",13700,"14,158","1,661","23,069",13436,"15,111","2,380","24,008",14436,"16,499","2,333","24,455",15119,"16,617","2,552","26,091",11370,"17,308","5,663","27,132",11165,"18,518","6,977","28,322",12597,"19,841","6,848","28,808",12164,"20,035","6,112","28,028",9915,"18,592","8,231","28,906",15377,"18,736","3,014","28,831",15773,"18,119","2,814","29,913",14442,"18,083","2,347","29,271",12033,"16,225","3,742","27,355",8301,"14,689","4,132","25,546"," 	214,494 ","279,170"," 	(64,676)",130.15%,-0.26," 	26,026 ","3,696",14%
,Male,9271,"9,924","1,233","18,673",10318,"10,815","1,170","19,424",10965,"11,798","1,294","20,028",11938,"12,345","1,456","21,311",11609,"13,156","2,146","22,116",12389,"14,175","2,079","22,571",13020,"14,389","2,277","23,924",9625,"14,795","4,975","24,837",9363,"15,892","6,214","25,829",10478,"16,918","6,085","26,302",10097,"17,162","5,444","25,522",8285,"15,838","7,251","26,406",12504,"15,930","2,789","26,265",12934,"15,197","2,546","27,078",11778,"15,182","2,138","26,396",9934,"13,677","3,341","24,815",6983,"12,589","3,723","23,341"," 	181,491 ","239,782"," 	(58,291)",132.12%,-0.26," 	23,814 ","3,304",14%
,Female,1271,"1,145",101,"1,452",1379,"1,404",105,"1,542",1462,"1,553",115,"1,583",1762,"1,813",205,"1,758",1827,"1,955",234,"1,892",2047,"2,324",254,"1,884",2099,"2,228",275,"2,167",1745,"2,513",688,"2,295",1802,"2,626",763,"2,493",2119,"2,923",763,"2,506",2067,"2,873",668,"2,506",1630,"2,754",980,"2,500",2873,"2,806",225,"2,566",2839,"2,922",268,"2,835",2664,"2,901",209,"2,875",2099,"2,548",401,"2,540",1318,"2,100",409,"2,205"," 	33,003 ","39,388"," 	(6,385)",119.35%,-0.21," 	2,212 ",392,18%
Iowa ,Total,3264,"4,394",802,"7,955",3326,"5,376",913,"7,962",3552,"5,770","1,231","8,398",3506,"6,133","1,335","8,546",3487,"6,444",780,"8,525",3611,"6,196",821,"8,737",3536,"6,230",892,"8,838",3297,"5,838",839,"8,732",3073,"5,567","1,285","8,766",3002,"4,656","1,078","8,813",3757,"4,369","1,067","9,455",3747,"5,110",849,"9,116",3754,"5,469","1,114","8,733",3826,"5,448","1,325","8,697",3711,"5,327","1,423","8,838",3552,"5,522","1,557","8,849",3885,"5,813","1,624","9,031"," 	59,886 ","93,662"," 	(33,776)",156.40%,0.01," 	8,705 ","1,114",13%
,Male,2924,"3,934",703,"7,363",2930,"4,839",828,"7,327",3087,"5,083","1,081","7,695",3047,"5,375","1,155","7,830",3487,"6,444",780,"7,768",3102,"5,371",703,"7,937",3075,"5,353",751,"8,049",2869,"5,033",759,"8,015",2703,"4,841","1,094","8,017",2671,"4,112",961,"8,090",3318,"3,859",967,"8,675",3301,"4,491",746,"8,378",3234,"4,837",988,"7,949",3291,"4,639","1,157","7,983",3156,"4,564","1,238","8,086",3014,"4,736","1,320","8,041",3333,"4,913","1,371","8,210"," 	52,542 ","82,424"," 	(29,882)",156.87%,-0.01," 	7,965 ",977,12%
,Female,340,460,99,592,396,537,85,635,465,687,150,703,459,758,180,716,0,0,0,757,509,825,118,800,461,877,141,789,428,805,80,717,370,726,191,749,331,544,117,723,439,510,100,780,446,619,103,738,520,632,126,784,535,809,168,714,555,763,185,752,538,786,237,808,552,900,253,821," 	7,344 ","11,238"," 	(3,894)",153.02%,0.12, 	740 ,137,19%
Kansas ,Total,2859,"5,236","2,060","8,344",2989,"4,273","1,380","8,577",3429,"4,526","1,431","8,935",3250,"4,410","1,355","9,132",3282,"4,690","1,237","8,966",3528,"4,797","1,296","9,068",3572,"5,336","1,454","8,816",3335,"4,985","1,485","8,696",3142,"4,669","1,341","8,539",3535,"4,731","1,267","8,641",3725,"4,561","1,223","9,051",3831,"4,699","1,123","9,327",3701,"4,849","1,300","9,682",3719,"5,180","1,435","9,763",3730,"5,585","1,338","9,877",3591,"5,950","1,375","9,857",3796,"6,424","1,496","9,920"," 	59,014 ","84,901"," 	(25,887)",143.87%,-0.12," 	9,129 ","1,388",15%
,Male,2523,"4,627","1,856","7,840",2639,"3,821","1,290","8,080",3029,"4,053","1,320","8,398",2799,"3,965","1,269","8,503",2820,"4,142","1,161","8,346",3026,"4,257","1,207","8,394",3048,"4,667","1,348","8,178",2848,"4,387","1,388","8,071",2727,"4,105","1,249","7,970",3072,"4,169","1,175","8,076",3250,"4,050","1,132","8,428",3308,"4,147","1,051","8,647",3176,"4,278","1,209","8,952",3176,"4,536","1,333","9,026",3136,"4,791","1,235","9,083",3049,"5,129","1,256","9,018",3180,"5,412","1,366","9,051"," 	50,806 ","74,536"," 	(23,730)",146.71%,-0.11," 	8,474 ","1,285",15%
,Female,336,609,204,504,350,452,90,497,400,473,111,537,451,445,86,629,462,548,76,620,502,540,89,674,524,669,106,638,487,598,97,625,415,564,92,569,463,562,92,565,475,511,91,623,523,552,72,680,525,571,91,730,543,644,102,737,594,794,103,794,542,821,119,839,616,"1,012",130,869," 	8,208 ","10,365"," 	(2,157)",126.28%,-0.14, 	655 ,103,16%
Kentucky ,Total,5837,"7,866","1,743","14,919",5515,"8,345","1,893","15,424",6212,"8,417","2,511","15,820",6701,"9,318","2,243","16,622",10075,"10,872","2,934","17,814",10169,"12,460","3,155","19,662",10572,"13,477","3,479","20,000",10969,"13,988","4,390","22,457",10624,"15,633","3,649","21,706",10761,"14,276","3,272","21,638",10883,"16,122","3,791","20,544",11079,"14,756","4,400","21,545",11262,"16,403","4,137","22,110",9733,"16,932","5,855","21,030",10613,"17,818","7,657","21,657",10709,"18,560","8,420","21,701",11295,"18,640","8,672","23,022"," 	163,009 ","233,883"," 	(70,874)",143.48%,-0.12," 	19,863 ","4,247",21%
,Male,5084,"6,921","1,609","13,858",4748,"7,340","1,680","14,286",5319,"7,402","2,221","14,551",5780,"8,093","2,023","15,211",9003,"9,224","2,722","16,254",8378,"10,569","2,742","17,658",8662,"11,212","3,049","17,942",8926,"11,556","3,816","20,016",8657,"12,861","3,153","19,436",8771,"11,791","2,823","19,343",8861,"13,257","3,210","18,406",8954,"12,199","3,742","19,091",8902,"13,339","3,516","19,425",7796,"13,731","4,960","18,717",8389,"14,482","6,324","19,084",8411,"14,936","6,989","19,114",8650,"14,772","7,093","20,080"," 	133,291 ","193,685"," 	(60,394)",145.31%,-0.13," 	17,792 ","3,628",20%
,Female,753,945,134,"1,061",767,"1,005",213,"1,138",893,"1,015",290,"1,269",921,"1,225",220,"1,411",1072,"1,648",212,"1,560",1791,"1,891",413,"2,004",1910,"2,265",430,"2,058",2043,"2,432",574,"2,441",1967,"2,772",496,"2,270",1990,"2,485",449,"2,295",2022,"2,865",581,"2,138",2125,"2,557",658,"2,454",2360,"3,064",621,"2,685",1937,"3,201",895,"2,313",2224,"3,336","1,333","2,573",2298,"3,624","1,431","2,587",2645,"3,868","1,579","2,942"," 	29,718 ","40,198"," 	(10,480)",135.26%,-0.05," 	2,071 ",619,30%
Louisiana ,Total,6369,"14,674","9,221","35,207",5849,"15,253","9,590","35,810",9754,"14,948","5,325","36,032",10309,"13,988","5,044","36,047",10013,"15,117","5,499","36,939",9472,"15,126","5,329","36,083",9726,"14,769","5,341","37,012",9360,"15,119","4,952","37,540",10587,"15,145","4,960","38,381",10080,"15,053","4,610","39,780",12860,"17,369","4,208","39,445",11378,"16,711","4,492","39,710",12197,"17,227","5,104","40,172",11958,"17,750","4,774","39,299",11639,"17,966","4,737","38,030",10801,"18,057","4,945","36,377",10384,"16,404","5,493","35,682"," 	172,736 ","270,676"," 	(97,940)",156.70%,0.01," 	37,503 ","5,507",15%
,Male,5781,"13,135","8,334","32,988",5430,"14,247","8,885","33,448",8655,"13,493","4,938","33,634",9052,"12,627","4,682","33,642",8834,"13,462","5,093","34,553",8337,"13,544","4,933","33,774",8545,"13,373","4,976","34,623",8222,"13,602","4,583","35,082",9326,"13,541","4,594","35,865",8878,"13,466","4,321","37,164",11406,"15,475","3,915","37,037",10053,"14,903","4,175","37,326",10813,"15,451","4,740","37,783",10593,"15,878","4,431","37,071",10162,"16,039","4,389","35,955",9366,"16,144","4,578","34,331",8963,"14,558","5,062","33,701"," 	152,416 ","242,938"," 	(90,522)",159.39%,0.02," 	35,175 ","5,096",14%
,Female,588,"1,539",887,"2,219",419,"1,006",705,"2,362",1099,"1,455",387,"2,398",1257,"1,361",362,"2,405",1179,"1,655",406,"2,386",1135,"1,582",396,"2,309",1181,"1,396",365,"2,389",1138,"1,517",369,"2,458",1261,"1,604",366,"2,516",1202,"1,587",289,"2,616",1454,"1,894",293,"2,408",1325,"1,808",317,"2,384",1384,"1,776",364,"2,389",1365,"1,872",343,"2,228",1477,"1,927",348,"2,075",1435,"1,913",367,"2,046",1421,"1,846",431,"1,981"," 	20,320 ","27,738"," 	(7,418)",136.51%,-0.04," 	2,328 ",411,18%
Maine ,Total,403,688,345,"1,679",469,801,342,"1,704",591,873,435,"1,900",412,826,519,"2,013",260,647,395,"2,024",302,604,219,"2,023",393,522,216,"2,120",553,"1,122",558,"2,148",379,740,377,"2,195",530,"1,160",326,"2,206",622,"1,188",385,"2,154",588,"1,091",333,"2,145",563,"1,113",283,"2,108",607,975,322,"2,173",586,"1,040",188,"2,242",408,694,437,"2,279",650,647,5,"2,404"," 	8,316 ","14,731"," 	(6,415)",177.14%,0.21," 	2,089 ",334,16%
,Male,382,652,320,"1,613",445,751,323,"1,645",547,824,408,"1,810",371,774,471,"1,889",240,602,368,"1,899",279,562,205,"1,894",367,495,200,"1,975",510,"1,021",506,"2,009",344,675,337,"2,039",478,"1,054",293,"2,048",561,"1,105",339,"1,988",524,993,302,"1,981",503,"1,003",257,"1,944",542,886,295,"2,013",517,961,169,"2,063",361,643,374,"2,072",566,582,5,"2,169"," 	7,537 ","13,583"," 	(6,046)",180.22%,0.22," 	1,944 ",304,16%
,Female,21,36,25,66,24,50,19,59,44,49,27,90,41,52,48,124,20,45,27,125,23,42,14,129,26,27,16,145,43,101,52,139,35,65,40,156,52,106,33,158,61,83,46,166,64,98,31,164,60,110,26,164,65,89,27,160,69,79,19,179,47,51,63,207,84,65,0,235, 	779 ,"1,148", 	(369),147.37%,0.07, 	145 ,30,21%
Maryland ,Total,6781,"10,151","3,537","23,538",6421,"10,182","3,973","23,752",6729,"9,749","3,289","24,162",6593,"10,351","3,571","23,791",6817,"10,687","3,501","23,285",6529,"10,883","3,570","22,737",6628,"10,356","3,652","22,945",6846,"10,424","3,866","23,433",6520,"10,562","3,875","23,324",6148,"10,931","3,807","22,255",6128,"9,475","3,695","22,645",6214,"9,888","3,597","22,558",5859,"10,413","3,534","21,522",5579,"9,552","3,640","21,335",5579,"9,514","3,640","21,011",6711,"10,277","3,123","20,764",6128,"9,479","2,712","19,994"," 	108,210 ","172,874"," 	(64,664)",159.76%,0.04," 	22,532 ","3,564",16%
,Male,6140,"9,314","3,288","22,319",5778,"9,258","3,697","22,545",6096,"8,937","3,068","22,898",5966,"9,483","3,271","22,543",6182,"9,748","3,249","22,105",6006,"10,013","3,337","21,640",6065,"9,553","3,427","21,864",6238,"9,700","3,639","22,249",6008,"9,651","3,650","22,264",5637,"10,278","3,641","21,206",5638,"8,716","3,521","21,686",5738,"9,293","3,445","21,576",5457,"9,781","3,390","20,646",5147,"8,965","3,471","20,410",5147,"8,914","3,471","20,100",6025,"9,426","2,964","19,849",5540,"8,671","2,575","19,172"," 	98,808 ","159,701"," 	(60,893)",161.63%,0.04," 	21,475 ","3,359",16%
,Female,641,837,249,"1,219",643,924,276,"1,207",633,812,221,"1,264",627,868,300,"1,248",635,939,252,"1,180",523,870,233,"1,097",563,803,225,"1,081",608,724,227,"1,184",512,911,225,"1,060",511,653,166,"1,049",490,759,174,959,476,595,152,982,402,632,144,876,432,587,169,925,432,600,169,911,686,851,159,915,588,808,137,822," 	9,402 ","13,173"," 	(3,771)",140.11%,-0.01," 	1,058 ",205,19%
Massachusetts ,Total,1585,"3,211",477,"10,722",1770,"2,724",445,"10,588",1546,"2,374",287,"10,329",1921,"2,472",264,"10,232",1985,"2,581",293,"10,144",2266,"2,259",331,"10,701",2418,"2,318",268,"11,032",2424,"2,304",246,"11,436",2678,"2,725",310,"11,408",2413,"2,944",376,"11,316",2428,"3,026",378,"11,313",2504,"2,724",352,"11,623",2385,"3,070",250,"11,308",2290,"2,930",236,"10,950",2268,"2,732",224,"10,713",1995,"2,771",211,"9,922",1825,"2,531",225,"9,403"," 	36,701 ","45,696"," 	(8,995)",124.51%,-0.31," 	10,773 ",304,3%
,Male,1404,"2,838",471,"10,059",1342,"2,425",382,"9,875",1211,"1,925",233,"9,625",1694,"2,196",222,"9,524",1788,"2,300",267,"9,403",2039,"1,987",290,"9,913",2123,"2,015",232,"10,186",2174,"2,019",206,"10,646",2352,"2,355",265,"10,657",2114,"2,597",348,"10,597",2091,"2,678",350,"10,547",2104,"2,240",313,"10,832",2076,"2,637",218,"10,549",1926,"2,514",190,"10,143",1912,"2,287",187,"9,985",1685,"2,396",182,"9,268",1543,"2,145",195,"8,820"," 	31,578 ","39,554"," 	(7,976)",125.26%,-0.33," 	10,037 ",268,3%
,Female,181,373,6,663,428,299,63,713,335,449,54,704,227,276,42,708,197,281,26,741,227,272,41,788,295,303,36,846,250,285,40,790,326,370,45,751,299,347,28,719,337,348,28,766,400,484,39,791,309,433,32,759,364,416,46,807,356,445,37,728,310,375,29,654,282,386,30,583," 	5,123 ","6,142"," 	(1,019)",119.89%,-0.21, 	736 ,37,5%
Michigan ,Total,7685,"11,961","4,269","47,718",8359,"12,850","4,431","48,849",9573,"13,303","4,721","50,591",8634,"14,250","3,894","49,358",7982,"13,987","4,811","48,883",8347,"12,613","4,731","49,546",9071,"12,687","5,186","51,577",8714,"14,719","4,091","50,233",7677,"13,636","4,027","48,738",7321,"18,212","4,127","45,478",7364,"17,038","4,183","44,165",7232,"14,377","3,418","42,940",7477,"13,202","4,100","43,636",7845,"14,309","3,417","43,759",7702,"14,180","3,472","43,390",7412,"13,728","3,014","42,628",7004,"14,087","3,058","41,122"," 	135,399 ","239,139"," 	(103,740)",176.62%,0.21," 	46,624 ","4,056",9%
,Male,7086,"11,061","3,961","45,587",7745,"11,843","4,111","46,700",8794,"12,212","4,371","48,324",7970,"13,220","3,637","47,160",7382,"12,925","4,477","46,770",7720,"11,715","4,486","47,435",8357,"11,703","4,889","49,407",8042,"13,694","3,862","48,153",7101,"12,716","3,862","46,781",6805,"17,130","3,952","43,723",6785,"16,096","4,014","42,296",6619,"13,471","3,295","41,031",6886,"12,242","3,923","41,647",7188,"13,210","3,250","41,700",6971,"13,078","3,313","41,267",6695,"12,671","2,845","40,355",6272,"12,920","2,880","38,880"," 	124,418 ","221,907"," 	(97,489)",178.36%,0.21," 	44,542 ","3,831",9%
,Female,599,900,308,"2,131",614,"1,007",320,"2,149",779,"1,091",350,"2,267",664,"1,030",257,"2,198",600,"1,062",334,"2,113",627,898,245,"2,111",714,984,297,"2,170",672,"1,025",229,"2,080",576,920,165,"1,957",516,"1,082",175,"1,755",579,942,169,"1,869",613,906,123,"1,909",591,960,177,"1,989",657,"1,099",167,"2,059",731,"1,102",159,"2,123",717,"1,057",169,"2,273",732,"1,167",178,"2,242"," 	10,981 ","17,232"," 	(6,251)",156.93%,0.16," 	2,082 ",225,11%
Minnesota ,Total,3023,"4,245","1,374","6,238",3074,"4,260","1,445","6,606",3560,"4,715","1,705","7,129",4057,"5,437","1,857","7,865",4387,"5,849","2,217","8,758",4668,"7,126","2,444","9,281",4770,"7,591","2,477","9,108",5067,"7,971","2,781","9,468",4919,"7,936","2,624","9,910",4789,"7,777","2,572","9,986",4522,"7,882","2,467","9,796",4462,"7,734","2,752","9,800",4735,"7,730","2,677","9,938",4901,"7,808","2,786","10,289",5095,"7,642","2,771","10,637",5117,"7,669","2,940","10,798",4845,"8,254","3,182","10,592"," 	75,991 ","117,626"," 	(41,635)",154.79%,-0.01," 	9,188 ","2,416",26%
,Male,2719,"3,848","1,280","5,870",2788,"3,900","1,370","6,223",3173,"4,289","1,586","6,674",3646,"4,838","1,731","7,430",3912,"5,310","2,059","8,214",4155,"6,434","2,279","8,677",4269,"6,828","2,293","8,546",4533,"7,214","2,584","8,866",4383,"7,201","2,469","9,240",4245,"6,978","2,384","9,312",4044,"7,103","2,281","9,158",3943,"6,969","2,557","9,156",4147,"6,957","2,481","9,228",4300,"6,934","2,562","9,566",4452,"6,793","2,557","9,901",4448,"6,798","2,690","10,027",4176,"7,273","2,885","9,818"," 	67,333 ","105,667"," 	(38,334)",156.93%,-0.01," 	8,583 ","2,238",26%
,Female,304,397,94,368,286,360,75,383,387,426,119,455,411,599,126,435,475,539,158,544,513,692,165,604,501,763,184,562,534,757,197,602,536,735,155,670,544,799,188,674,478,779,186,638,519,765,195,644,588,773,196,710,601,874,224,723,643,849,214,736,669,871,250,771,669,981,297,774," 	8,658 ","11,959"," 	(3,301)",138.13%,-0.03, 	605 ,178,29%
Mississippi ,Total,5661,"4,940",135,"20,241",5998,"5,709",854,"21,460",5451,"5,592",204,"22,705",7373,"7,967","1,048","20,589",7969,"8,668",271,"20,983",7655,"9,189","1,211","20,515",8684,"10,169","1,207","21,068",8523,"8,473","1,198","22,431",6858,"7,831","1,040","22,754",7136,"9,287","1,201","21,482",6683,"8,700","1,698","21,067",6641,"8,197","1,744","21,386",6412,"7,728","2,108","22,319",5972,"8,202","1,915","21,969",5075,"9,442","1,367","18,793",4702,"6,105","1,411","18,911",5437,"7,080","1,953","19,192"," 	112,230 ","133,279"," 	(21,049)",118.76%,-0.37," 	21,051 ","1,210",6%
,Male,5080,"4,461",127,"18,572",5372,"5,121",765,"19,637",4897,"4,988",189,"20,623",6603,"7,146",939,"18,834",7027,"7,571",234,"19,187",6753,"8,108","1,049","18,729",7643,"8,905","1,058","19,279",7448,"7,375","1,014","20,469",6076,"6,913",911,"20,773",6316,"8,081","1,044","19,747",5915,"7,660","1,518","19,542",5894,"7,300","1,556","19,808",5692,"6,869","1,899","20,652",5301,"7,229","1,677","20,352",4479,"8,493","1,237","17,448",4173,"5,431","1,286","17,595",4798,"6,332","1,804","17,823"," 	99,467 ","117,983"," 	(18,516)",118.62%,-0.39," 	19,357 ","1,077",6%
,Female,581,479,8,"1,669",626,588,89,"1,823",554,604,15,"2,082",770,821,109,"1,755",942,"1,097",37,"1,796",902,"1,081",162,"1,786",1041,"1,264",149,"1,789",1075,"1,098",184,"1,962",782,918,129,"1,981",820,"1,206",157,"1,735",768,"1,040",180,"1,525",747,897,188,"1,578",720,859,209,"1,667",671,973,238,"1,617",596,949,130,"1,345",529,674,125,"1,316",639,748,149,"1,369"," 	12,763 ","15,296"," 	(2,533)",119.85%,-0.21," 	1,694 ",133,8%
Missouri ,Total,8470,"14,173","5,977","27,543",8668,"14,657","6,493","28,757",9715,"16,097","6,903","30,099",9939,"18,240","7,190","30,303",9857,"18,561","8,408","31,081",10341,"19,230","8,458","30,823",9846,"20,295","8,574","30,167",9735,"19,642","8,541","29,857",9952,"18,981","8,646","30,186",9777,"18,110","8,433","30,563",9503,"17,809","8,233","30,623",9416,"17,830","8,558","30,833",9748,"17,973","8,465","31,247",10243,"18,798","8,737","31,537",10080,"18,773","8,914","31,942",9609,"17,936","8,599","32,330",9834,"18,423","8,589","32,461"," 	164,733 ","305,528"," 	(140,795)",185.47%,0.30," 	30,609 ","8,101",26%
,Male,7393,"12,351","5,332","25,550",7562,"12,881","5,762","26,633",8449,"14,136","6,148","27,825",8506,"15,787","6,394","28,064",8390,"16,240","7,391","28,574",8736,"16,586","7,481","28,312",8362,"17,705","7,539","27,588",8302,"16,949","7,429","27,335",8549,"16,387","7,603","27,737",8314,"15,608","7,423","28,136",8041,"15,328","7,202","28,163",7921,"15,287","7,457","28,258",8136,"15,387","7,386","28,544",8385,"15,756","7,488","28,755",8149,"15,818","7,623","28,836",7717,"14,833","7,269","29,063",7801,"15,039","7,217","29,124"," 	138,713 ","262,078"," 	(123,365)",188.94%,0.31," 	28,029 ","7,067",25%
,Female,1077,"1,822",645,"1,993",1106,"1,776",731,"2,124",1266,"1,961",755,"2,274",1433,"2,453",796,"2,239",1467,"2,321","1,017","2,507",1605,"2,644",977,"2,511",1484,"2,590","1,035","2,579",1433,"2,693","1,112","2,522",1403,"2,594","1,043","2,449",1463,"2,502","1,010","2,427",1462,"2,481","1,031","2,460",1495,"2,543","1,101","2,575",1612,"2,586","1,079","2,703",1858,"3,042","1,249","2,782",1931,"2,955","1,291","3,106",1892,"3,103","1,330","3,267",2033,"3,384","1,372","3,337"," 	26,020 ","43,450"," 	(17,430)",166.99%,0.26," 	2,580 ","1,034",40%
Montana ,Total,530,"1,074",672,"3,105",1303,"1,276",166,"3,328",1278,"1,556",232,"3,323",1545,"1,689",363,"3,620",1756,"1,975",426,"3,164",1924,"2,127",464,"3,509",1849,"2,321",447,"3,563",1497,"2,262",555,"3,431",1681,"2,176",572,"3,517",1671,"2,288",624,"3,605",1759,"2,227",504,"3,716",1603,"2,104",460,"3,678",1519,"2,091",501,"3,609",1826,"2,351",556,"3,642",1888,"2,396",560,"3,699",1816,"2,416",578,"3,685",1990,"2,548",676,"3,814"," 	27,435 ","34,877"," 	(7,442)",127.13%,-0.29," 	3,530 ",492,14%
,Male,458,958,590,"2,799",1115,"1,131",161,"2,965",1123,"1,369",226,"2,978",1289,"1,442",304,"3,201",1454,"1,650",354,"2,841",1597,"1,745",388,"3,155",1485,"1,853",351,"3,209",1270,"1,848",437,"3,133",1412,"1,844",470,"3,158",1396,"1,952",542,"3,214",1476,"1,898",430,"3,291",1348,"1,762",394,"3,274",1263,"1,749",420,"3,210",1489,"1,937",466,"3,230",1539,"1,940",477,"3,311",1501,"2,002",477,"3,295",1579,"2,052",572,"3,405"," 	22,794 ","29,132"," 	(6,338)",127.81%,-0.30," 	3,157 ",415,13%
,Female,72,116,82,306,188,145,5,363,155,187,6,345,256,247,59,419,302,325,72,323,327,382,76,354,364,468,96,354,227,414,118,298,269,332,102,359,275,336,82,391,283,329,74,425,255,342,66,404,256,342,81,399,337,414,90,412,349,456,83,388,315,414,101,390,411,496,104,409," 	4,641 ","5,745"," 	(1,104)",123.79%,-0.17, 	373 ,76,20%
Nebraska ,Total,1443,"1,518",245,"3,895",1571,"1,755",212,"3,937",1693,"1,868",241,"4,058",1735,"1,976",224,"4,040",1787,"2,053",298,"4,130",1929,"2,003",335,"4,455",1687,"2,106",252,"4,407",1798,"1,983",278,"4,505",1789,"1,990",270,"4,520",1812,"2,157",289,"4,474",2014,"2,152",218,"4,587",2092,"2,438",315,"4,616",2162,"2,743",459,"4,705",2255,"2,628",586,"5,026",2130,"2,326",495,"5,441",1875,"2,358",366,"5,372",1823,"2,413",485,"5,302"," 	31,595 ","36,467"," 	(4,872)",115.42%,-0.40," 	4,557 ",328,7%
,Male,1291,"1,357",219,"3,629",1363,"1,600",192,"3,595",1489,"1,648",218,"3,706",1536,"1,723",202,"3,717",1562,"1,838",269,"3,761",1657,"1,734",296,"4,032",1453,"1,820",225,"3,994",1547,"1,681",242,"4,106",1542,"1,715",232,"4,130",1609,"1,903",256,"4,108",1749,"1,905",202,"4,176",1832,"2,099",286,"4,247",1888,"2,362",400,"4,352",1959,"2,261",528,"4,656",1822,"1,992",433,"5,001",1626,"2,029",317,"4,943",1551,"2,064",423,"4,878"," 	27,476 ","31,731"," 	(4,255)",115.49%,-0.42," 	4,178 ",291,7%
,Female,152,161,26,266,208,155,20,342,204,220,23,352,199,253,22,323,225,215,29,369,272,269,39,423,234,286,27,413,251,302,36,399,247,275,38,390,203,254,33,366,265,247,16,411,260,339,29,369,274,381,59,353,296,367,58,370,308,334,62,440,249,329,49,429,272,349,62,424," 	4,119 ","4,736", 	(617),114.98%,-0.26, 	379 ,37,10%
Nevada ,Total,3678,"4,374",963,"10,063",3453,"4,480",948,"10,233",3575,"4,734","1,003","10,478",3575,"4,800","1,003","10,543",5585,"5,076",963,"11,365",3101,"5,479","2,288","11,782",5406,"4,986",702,"12,839",5642,"5,204",733,"13,400",3184,"5,278","1,426","12,743",4727,"5,967",682,"12,482",4751,"6,036",777,"12,653",4502,"5,910",968,"12,778",4003,"5,623",859,"12,883",4003,"5,623",859,"13,056",4488,"5,838",925,"12,537",4862,"5,838","1,002","13,071",4754,"5,778",893,"13,757"," 	73,289 ","91,024"," 	(17,735)",124.20%,-0.32," 	12,157 ","1,000",8%
,Male,3186,"3,870",848,"9,217",3032,"3,937",843,"9,392",3118,"4,165",896,"9,627",3118,"4,239",896,"9,663",4937,"4,557",885,"10,487",2778,"4,858","1,936","10,838",4672,"4,532",653,"11,709",4876,"4,730",682,"12,221",2894,"4,573","1,191","11,761",4123,"5,188",579,"11,533",4100,"5,248",657,"11,689",3897,"5,161",851,"11,811",3432,"4,919",749,"11,845",3432,"4,919",749,"11,971",3804,"5,041",787,"11,452",4144,"5,041",857,"11,905",4046,"4,963",748,"12,490"," 	63,589 ","79,941"," 	(16,352)",125.72%,-0.32," 	11,154 ",871,8%
,Female,492,504,115,846,421,543,105,841,457,569,107,851,457,561,107,880,648,519,78,878,323,621,352,944,734,454,49,"1,130",766,474,51,"1,179",290,705,235,982,604,779,103,949,651,788,120,964,605,749,117,967,571,704,110,"1,038",571,704,110,"1,085",684,797,138,"1,085",718,797,145,"1,166",708,815,145,"1,267"," 	9,700 ","11,083"," 	(1,383)",114.26%,-0.26," 	1,003 ",129,13%
New Hampshire ,Total,686,"1,066",365,"2,257",791,"1,046",380,"2,392",722,"1,066",391,"2,451",712,"1,195",427,"2,434",663,"1,086",436,"2,448",598,"1,386",659,"2,530",691,"1,346",609,"2,805",615,"1,402",653,"2,943",0,"1,507",0,"2,702",213,"1,564",728,"2,731",720,"1,669",594,"2,761",789,"1,952",808,"2,614",868,"1,655",813,"2,790",861,"1,639",798,"3,018",658,"1,666",770,"2,963",796,"1,671",782,"2,897",736,"1,612",802,"2,818"," 	11,119 ","24,528"," 	(13,409)",220.60%,0.65," 	2,680 ",589,22%
,Male,625,980,340,"2,137",700,943,360,"2,263",647,974,362,"2,307",645,"1,074",400,"2,317",611,997,397,"2,329",537,"1,253",588,"2,397",616,"1,187",526,"2,633",553,"1,310",607,"2,741",0,"1,337",0,"2,521",193,"1,340",624,"2,564",634,"1,481",535,"2,560",700,"1,740",730,"2,444",752,"1,420",724,"2,583",744,"1,443",716,"2,781",572,"1,435",681,"2,715",672,"1,423",669,"2,661",619,"1,372",684,"2,591"," 	9,820 ","21,709"," 	(11,889)",221.07%,0.63," 	2,503 ",526,21%
,Female,61,86,25,120,91,103,20,129,75,92,29,144,67,121,27,117,52,89,39,119,61,133,71,133,75,159,83,172,62,92,46,202,0,170,0,181,20,224,104,167,86,188,59,201,89,212,78,170,116,235,89,207,117,196,82,237,86,231,89,248,124,248,113,236,117,240,118,227," 	1,299 ","2,819"," 	(1,520)",217.01%,0.76, 	177 ,63,36%
New Jersey ,Total,8757,"15,362","4,854","29,784",9338,"16,064","5,044","28,142",9844,"14,827","4,692","27,891",10143,"15,043","4,192","27,246",9756,"14,418","4,072","26,757",9880,"13,649","4,330","27,359",10007,"13,986","3,908","27,371",9969,"14,358","3,751","26,827",9715,"13,885","3,201","25,953",9382,"12,860","2,821","25,382",9501,"12,821","2,850","25,007",7515,"11,744","2,595","23,834",7504,"11,056","2,472","23,225",7203,"10,952","2,598","22,452",6827,"10,447","2,430","21,590",6456,"10,436","2,572","20,489",6116,"9,864","2,721","19,786"," 	147,913 ","221,772"," 	(73,859)",149.93%,-0.06," 	25,241 ","3,477",14%
,Male,7911,"13,867","4,422","28,134",8524,"14,687","4,507","26,514",8999,"13,490","4,244","26,305",9305,"13,738","3,796","25,729",8971,"13,312","3,773","25,287",9147,"12,582","4,019","25,910",9209,"12,906","3,658","25,943",9156,"13,227","3,458","25,417",8945,"12,752","2,951","24,654",8722,"11,892","2,615","24,176",8841,"11,909","2,678","23,871",6944,"10,912","2,420","22,762",6976,"10,340","2,321","22,164",6667,"10,214","2,454","21,427",6347,"9,786","2,270","20,571",5999,"9,711","2,434","19,581",5744,"9,246","2,567","18,952"," 	136,407 ","204,571"," 	(68,164)",149.97%,-0.08," 	23,965 ","3,211",13%
,Female,846,"1,495",432,"1,650",814,"1,377",537,"1,628",845,"1,337",448,"1,586",838,"1,305",396,"1,517",785,"1,106",299,"1,470",733,"1,067",311,"1,449",798,"1,080",250,"1,428",813,"1,131",293,"1,410",770,"1,133",250,"1,299",660,968,206,"1,206",660,912,172,"1,136",571,832,175,"1,072",528,716,151,"1,061",536,738,144,"1,025",480,661,160,"1,019",457,725,138,908,372,618,154,834," 	11,506 ","17,201"," 	(5,695)",149.50%,0.09," 	1,276 ",266,21%
New Mexico ,Total,2231,"3,404",930,"5,342",2280,"3,222",223,"5,668",1242,"5,828",482,"5,991",2613,"3,944","1,007","6,223",2650,"4,090","1,081","6,379",2576,"4,079","1,276","6,571",2510,"4,274","1,427","6,639",2404,"4,507","1,329","6,466",2392,"4,013","1,395","6,322",2065,"4,130","3,221","6,363",1469,"3,953","2,315","6,763",2297,"3,530","1,194","6,998",2225,"3,372","1,355","6,727",2453,"3,347","1,114","6,931",2500,"3,515","1,298","7,021",2653,"3,737","1,341","7,104",2311,"3,632","1,304","7,055"," 	38,871 ","66,577"," 	(27,706)",171.28%,0.15," 	6,504 ","1,311",20%
,Male,1939,"2,969",823,"4,831",2013,"2,867",202,"5,151",1125,"4,752",429,"5,473",2282,"3,452",883,"5,647",2330,"3,559",972,"5,798",2191,"3,590","1,166","5,905",2190,"3,671","1,239","5,972",2115,"3,867","1,184","5,890",2085,"3,491","1,216","5,754",2027,"3,672","2,851","5,775",1209,"3,443","2,125","6,161",2000,"3,132","1,075","6,366",1933,"2,974","1,232","6,096",2109,"2,921",999,"6,276",2119,"3,016","1,152","6,348",2268,"3,214","1,175","6,398",1949,"3,110","1,135","6,344"," 	33,884 ","57,700"," 	(23,816)",170.29%,0.12," 	5,893 ","1,168",20%
,Female,292,435,107,511,267,355,21,517,117,"1,076",53,518,331,492,124,576,320,531,109,581,385,489,110,666,320,603,188,667,289,640,145,576,307,522,179,568,38,458,370,588,260,510,190,602,297,398,119,632,292,398,123,631,344,426,115,655,381,499,146,673,385,523,166,706,362,522,169,711," 	4,987 ","8,877"," 	(3,890)",178.00%,0.37, 	610 ,143,23%
New York ,Total,18563,"29,993","8,982","70,199",16499,"29,184","8,872","67,533",17009,"27,860","9,141","67,065",17343,"28,503","8,637","65,198",16388,"27,024","8,215","63,751",16054,"26,089","8,083","62,743",16252,"25,804","9,387","63,315",16461,"27,725","9,724","62,620",15178,"28,153","10,027","60,347",14874,"26,052","9,105","58,687",14457,"25,852","8,848","56,656",14167,"24,852","9,020","55,436",13853,"24,548","9,158","54,210",13441,"23,656","9,206","53,550",13054,"23,234","8,427","52,518",12390,"22,045","8,140","51,727",12654,"22,362","8,331","50,716"," 	258,637 ","442,936"," 	(184,299)",171.26%,0.15," 	59,781 ","8,900",15%
,Male,17226,"27,711","8,352","66,919",15287,"27,131","8,290","64,400",15796,"25,831","8,570","64,069",16181,"26,663","8,117","62,284",15259,"25,192","7,707","60,962",14888,"24,361","7,593","59,941",15072,"24,106","8,858","60,456",15288,"25,846","9,188","59,866",14108,"26,326","9,451","57,760",13892,"24,452","8,609","56,198",13575,"24,234","8,419","54,438",13158,"23,427","8,543","53,124",12873,"23,043","8,736","51,963",12494,"22,323","8,755","51,193",12038,"21,739","8,005","50,192",11412,"20,662","7,727","49,373",11698,"20,831","7,869","48,442"," 	240,245 ","413,878"," 	(173,633)",172.27%,0.14," 	57,152 ","8,399",15%
,Female,1337,"2,282",630,"3,280",1212,"2,053",582,"3,133",1213,"2,029",571,"2,996",1162,"1,840",520,"2,914",1129,"1,832",508,"2,789",1166,"1,728",490,"2,802",1180,"1,698",529,"2,859",1173,"1,879",536,"2,754",1070,"1,827",576,"2,587",982,"1,600",496,"2,489",882,"1,618",429,"2,218",1009,"1,425",477,"2,312",980,"1,505",422,"2,247",947,"1,333",451,"2,357",1016,"1,495",422,"2,326",978,"1,383",413,"2,354",956,"1,531",462,"2,274"," 	18,392 ","29,058"," 	(10,666)",157.99%,0.17," 	2,629 ",501,19%
North Carolina ,Total,9063,"9,688",755,"31,266",8851,"9,030",572,"32,253",8851,"9,030",572,"32,832",9099,"9,134",392,"33,560",10056,"9,371",351,"35,434",10037,"9,810",417,"36,365",10459,"10,028",135,"37,460",10492,"10,118",337,"37,970",11377,"10,617",419,"39,482",11749,"11,495",422,"39,860",11468,"11,539",496,"40,382",11011,"11,878",512,"39,440",11469,"12,327",629,"37,136",12721,"13,829","1,356","36,922",13671,"15,264","2,345","37,096",13021,"16,353","3,298","36,617",12274,"16,677","3,734","35,697"," 	185,669 ","196,188"," 	(10,519)",105.67%,-0.50," 	36,457 ",985,3%
,Male,8376,"8,980",700,"29,363",8213,"8,396",531,"30,211",8213,"8,396",531,"30,659",8429,"8,479",378,"31,304",9256,"8,692",341,"33,004",9158,"8,987",395,"33,776",9604,"9,200",134,"34,774",9658,"9,290",328,"35,344",10449,"9,771",407,"36,704",10709,"10,528",409,"37,052",10569,"10,632",475,"37,563",10097,"10,888",498,"36,800",10467,"11,355",607,"34,675",11455,"12,590","1,278","34,430",12127,"13,832","2,190","34,455",11430,"14,638","3,089","33,928",10657,"14,809","3,425","32,985"," 	168,867 ","179,463"," 	(10,596)",106.27%,-0.52," 	33,943 ",924,3%
,Female,687,708,55,"1,903",638,634,41,"2,042",638,634,41,"2,173",670,655,14,"2,256",800,679,10,"2,430",879,823,22,"2,589",855,828,1,"2,686",834,828,9,"2,626",928,846,12,"2,778",1040,967,13,"2,808",899,907,21,"2,819",914,990,14,"2,640",1002,972,22,"2,461",1266,"1,239",78,"2,492",1544,"1,432",155,"2,641",1591,"1,715",209,"2,689",1617,"1,868",309,"2,712"," 	16,802 ","16,725", 	77 ,99.54%,-0.41," 	2,514 ",60,2%
North Dakota ,Total,478,604,127,"1,076",614,715,132,"1,111",625,773,143,"1,112",818,874,172,"1,239",915,924,93,"1,327",847,"1,004",240,"1,385",843,"1,040",256,"1,363",762,984,266,"1,416",733,"1,056",350,"1,452",521,"1,013",521,"1,486",779,"1,023",229,"1,487",643,"1,022",306,"1,423",640,"1,082",520,"1,512",684,"1,187",536,"1,576",953,"1,067",189,"1,718",903,"1,525",665,"1,795",914,"1,627",675,"1,791"," 	12,672 ","17,520"," 	(4,848)",138.26%,-0.18," 	1,428 ",319,22%
,Male,440,540,113,"1,008",519,649,119,"1,010",527,663,128,"1,009",717,755,145,"1,126",771,792,84,"1,198",708,850,201,"1,230",700,854,204,"1,206",642,821,236,"1,269",653,900,265,"1,292",440,860,437,"1,312",645,848,194,"1,308",569,843,237,"1,276",545,890,401,"1,341",591,978,434,"1,419",778,884,153,"1,514",750,"1,243",534,"1,587",747,"1,320",531,"1,578"," 	10,742 ","14,690"," 	(3,948)",136.75%,-0.21," 	1,275 ",260,20%
,Female,38,64,14,68,95,66,13,101,98,110,15,103,101,119,27,113,144,132,9,129,139,154,39,155,143,186,52,157,120,163,30,147,80,156,85,160,81,153,84,174,134,175,35,179,74,179,69,147,95,192,119,171,93,209,102,157,175,183,36,204,153,282,131,208,167,307,144,213," 	1,930 ","2,830", 	(900),146.63%,0.06, 	152 ,59,39%
Ohio ,Total,18701,"24,796","5,066","45,833",19081,"24,959","5,301","45,281",20215,"25,354","5,464","45,646",21179,"27,401","5,312","44,778",22961,"28,208","5,045","44,806",24162,"28,098","4,698","45,854",27175,"28,585","4,461","49,166",26778,"29,266","3,829","50,731",24881,"28,555","4,606","51,686",23586,"26,953","3,265","51,606",22245,"24,498","2,340","51,712",19720,"22,901","2,408","50,964",18939,"21,628","2,579","50,876",19086,"21,238","2,899","51,729",18301,"22,399","3,868","51,519",18207,"21,759","4,247","52,233",17992,"22,850","4,789","52,175"," 	363,209 ","429,448"," 	(66,239)",118.24%,-0.38," 	49,211 ","4,128",8%
,Male,16353,"22,168","4,821","43,025",16693,"22,325","5,038","42,452",17745,"22,687","5,170","42,717",18591,"24,524","5,059","41,881",19936,"25,095","4,722","41,621",21033,"24,635","4,347","42,594",23465,"24,990","4,178","45,465",23129,"25,390","3,510","46,909",21466,"24,931","4,309","47,773",20390,"23,601","3,034","47,617",19245,"21,319","2,161","47,720",17098,"19,999","2,221","47,061",16401,"18,869","2,396","47,008",16269,"18,462","2,751","47,579",15527,"19,431","3,617","47,311",15271,"18,767","3,970","47,803",15012,"19,708","4,465","47,581"," 	313,624 ","376,901"," 	(63,277)",120.18%,-0.38," 	45,536 ","3,869",8%
,Female,2348,"2,628",245,"2,808",2388,"2,634",263,"2,829",2470,"2,667",294,"2,929",2588,"2,877",253,"2,897",3025,"3,113",323,"3,185",3129,"3,463",351,"3,260",3710,"3,595",283,"3,701",3649,"3,876",319,"3,822",3415,"3,624",297,"3,913",3196,"3,352",231,"3,989",3000,"3,179",179,"3,992",2622,"2,902",187,"3,903",2538,"2,759",183,"3,868",2817,"2,776",148,"4,150",2774,"2,968",251,"4,208",2936,"2,992",277,"4,430",2980,"3,142",324,"4,594"," 	49,585 ","52,547"," 	(2,962)",105.97%,-0.35," 	3,675 ",259,7%
Oklahoma ,Total,7254,"6,708",172,"23,181",7197,"8,366",675,"22,780",7387,"8,508",882,"22,802",5988,"8,206","2,149","22,821",5907,"8,563","2,128","24,508",6341,"8,550","2,415","24,826",6091,"8,027","2,417","24,288",6398,"8,507","2,397","24,603",5530,"7,948","2,319","24,660",5400,"8,012","2,613","24,803",5507,"7,926","2,478","26,252",5099,"7,702","2,357","25,977",5235,"6,952","2,462","25,225",5618,"7,375","2,401","27,547",6943,"8,655","3,152","27,650",7096,"8,911","2,638","28,547",6383,"10,419","2,395","26,871"," 	105,374 ","139,335"," 	(33,961)",132.23%,-0.24," 	25,138 ","2,121",8%
,Male,6258,"5,751",143,"20,787",6125,"7,059",570,"20,490",6342,"7,203",723,"20,464",5124,"6,993","1,785","20,501",5041,"7,162","1,769","22,024",5388,"7,194","2,002","22,371",5295,"6,842","2,031","21,886",5486,"7,257","2,000","22,141",4671,"6,737","1,945","22,165",4646,"6,830","2,171","22,230",4775,"6,716","2,073","23,703",4443,"6,580","1,991","23,558",4493,"5,958","2,090","22,728",4770,"6,303","1,988","24,769",5956,"7,314","2,709","24,799",6047,"7,559","2,132","25,489",5321,"8,817","1,892","23,834"," 	90,181 ","118,275"," 	(28,094)",131.15%,-0.27," 	22,585 ","1,766",8%
,Female,996,957,29,"2,394",1072,"1,307",105,"2,290",1045,"1,305",159,"2,338",864,"1,213",364,"2,320",866,"1,401",359,"2,484",953,"1,356",413,"2,455",796,"1,185",386,"2,402",912,"1,250",397,"2,462",859,"1,211",374,"2,495",754,"1,182",442,"2,573",732,"1,210",405,"2,549",656,"1,122",366,"2,419",742,994,372,"2,497",848,"1,072",413,"2,778",987,"1,341",443,"2,851",1049,"1,352",506,"3,058",1062,"1,602",503,"3,037"," 	15,193 ","21,060"," 	(5,867)",138.62%,-0.02," 	2,553 ",355,14%
Oregon ,Total,2813,"3,404","1,057","10,580",3152,"3,710","1,090","11,410",3440,"4,356","1,322","12,085",3533,"4,499","1,310","12,715",3711,"4,920","1,390","13,183",4392,"6,226","1,746","13,411",3697,"5,145","1,494","13,707",3615,"5,085","1,466","13,948",3703,"5,063","1,456","14,167",4226,"5,428","1,471","14,403",3799,"5,294","1,470","14,876",3692,"4,574","1,405","14,510",3729,"5,032","1,443","14,840",3823,"5,057","1,499","15,517",3701,"5,436","1,461","15,075",3602,"5,088","1,444","15,245",3469,"4,716","1,391","15,166"," 	62,097 ","83,033"," 	(20,936)",133.71%,-0.22," 	13,814 ","1,407",10%
,Male,2610,"3,132",995,"9,984",2870,"3,415","1,031","10,749",3072,"3,990","1,189","11,273",3122,"4,021","1,199","11,832",3242,"4,406","1,276","12,198",3820,"5,508","1,589","12,396",3227,"4,556","1,385","12,687",3147,"4,523","1,354","12,888",3226,"4,503","1,325","13,058",3705,"4,807","1,352","13,278",3314,"4,703","1,370","13,745",3221,"4,092","1,304","13,387",3210,"4,470","1,310","13,609",3280,"4,421","1,357","14,212",3190,"4,768","1,325","13,799",3257,"4,652","1,352","13,938",3136,"4,311","1,302","13,862"," 	54,649 ","74,278"," 	(19,629)",135.92%,-0.22," 	12,759 ","1,295",10%
,Female,203,272,62,596,282,295,59,661,368,366,133,812,411,478,111,883,469,514,114,985,572,718,157,"1,015",470,589,109,"1,020",468,562,112,"1,060",477,560,131,"1,109",521,621,119,"1,125",485,591,100,"1,131",471,482,101,"1,123",519,562,133,"1,231",543,636,142,"1,305",511,668,136,"1,276",345,436,92,"1,307",333,405,89,"1,304"," 	7,448 ","8,755"," 	(1,307)",117.55%,-0.23," 	1,055 ",112,11%
Pennsylvania ,Total,7203,"11,888","4,348","36,847",7535,"10,646","4,973","38,062",8247,"10,848","4,902","40,168",8702,"13,511","5,036","40,890",8435,"14,737","5,808","40,963",8829,"15,497","6,504","42,380",9578,"16,087","6,071","44,397",10222,"16,832","5,753","45,969",10564,"16,055","6,099","49,215",10778,"14,867","5,712","51,429",10775,"17,086","5,620","51,264",10934,"18,038","6,895","51,578",10758,"19,157","7,259","51,125",11479,"20,625","8,201","51,422",10252,"20,794","9,074","50,694",9697,"21,140","9,452","49,858",9093,"20,632","10,143","49,244"," 	163,081 ","278,440"," 	(115,359)",170.74%,0.15," 	46,206 ","6,579",14%
,Male,6680,"11,140","4,157","35,268",6946,"9,957","4,700","36,351",7618,"10,093","4,663","38,347",8021,"12,553","4,796","39,067",7752,"13,694","5,472","39,136",8026,"14,473","6,185","40,351",8751,"14,868","5,774","42,148",9326,"15,576","5,473","43,506",9658,"14,766","5,830","46,451",9862,"13,546","5,391","48,601",9829,"15,568","5,310","48,552",9988,"16,551","6,457","48,795",9798,"17,517","6,802","48,380",10462,"18,826","7,639","48,760",9320,"19,037","8,426","47,936",8775,"19,371","8,810","47,039",8176,"18,775","9,374","46,381"," 	148,988 ","256,311"," 	(107,323)",172.03%,0.14," 	43,828 ","6,192",14%
,Female,523,748,191,"1,579",589,689,273,"1,711",629,755,239,"1,821",681,958,240,"1,823",683,"1,043",336,"1,827",803,"1,024",319,"2,029",827,"1,219",297,"2,249",896,"1,256",280,"2,463",906,"1,289",269,"2,764",916,"1,321",321,"2,828",946,"1,518",310,"2,712",946,"1,487",438,"2,783",960,"1,640",457,"2,745",1017,"1,799",562,"2,662",932,"1,757",648,"2,758",922,"1,769",642,"2,819",917,"1,857",769,"2,863"," 	14,093 ","22,129"," 	(8,036)",157.02%,0.16," 	2,379 ",388,16%
Rhode Island ,Total,3526,"3,223",147,"3,286",3342,"3,197",120,"3,241",3620,"3,312",114,"3,520",3696,"3,684",157,"3,527",613,878,142,"3,430",770,815,141,"3,654",754,"1,035",122,"3,996",993,940,127,"4,018",929,"1,130",161,"4,045",783,"1,295",176,"3,674",718,"1,155",220,"3,357",695,"1,009",155,"3,337",697,998,170,"3,318",659,915,151,"3,361",699,899,122,"3,359",524,813,99,"3,248",666,962,101,"3,103"," 	23,684 ","26,260"," 	(2,576)",110.88%,-0.45," 	3,498 ",143,4%
,Male,3084,"2,807",134,"3,048",2974,"2,785",107,"3,048",3224,"2,991",108,"3,306",3253,"3,279",143,"3,305",571,836,139,"3,222",739,773,134,"3,423",709,964,112,"3,716",916,892,117,"3,736",873,"1,046",151,"3,802",728,"1,212",162,"3,444",658,"1,086",200,"3,139",651,928,149,"3,158",650,932,153,"3,128",621,857,145,"3,169",665,836,113,"3,201",499,772,93,"3,102",630,913,89,"2,927"," 	21,445 ","23,909"," 	(2,464)",111.49%,-0.46," 	3,287 ",132,4%
,Female,442,416,13,238,368,412,13,193,396,321,6,214,443,405,14,222,42,42,3,208,31,42,7,231,45,71,10,280,77,48,10,282,56,84,10,243,55,83,14,230,60,69,20,218,44,81,6,179,47,66,17,190,38,58,6,192,34,63,9,158,25,41,6,146,36,49,12,176," 	2,239 ","2,351", 	(112),105.00%,-0.36, 	212 ,10,5%
South Carolina ,Total,6135,"8,692","2,127","21,778",6592,"8,652","2,420","22,576",6652,"8,650","2,936","23,715",6583,"9,861","3,165","23,719",6494,"10,094","3,157","23,428",6409,"9,734","2,925","23,160",6298,"9,223","3,108","23,616",6596,"9,475","3,161","24,239",6483,"9,522","2,990","24,326",6349,"9,343","2,872","24,288",5654,"8,729","2,320","23,578",5642,"7,923","1,635","22,914",5205,"7,325","1,572","22,388",5162,"6,723","1,259","22,060",5049,"6,907","1,224","21,401",4877,"6,605","1,272","20,929",5395,"6,718","1,285","20,858"," 	101,575 ","144,176"," 	(42,601)",141.94%,-0.14," 	22,881 ","2,319",10%
,Male,5502,"7,896","1,982","20,358",5979,"7,909","2,252","21,067",5973,"7,889","2,707","22,044",5920,"8,923","2,953","22,143",5841,"9,137","2,877","21,866",5744,"8,830","2,718","21,646",5583,"8,352","2,875","22,013",5947,"8,596","2,958","22,635",5840,"8,687","2,794","22,693",5778,"8,507","2,662","22,771",5114,"7,966","2,153","22,105",5085,"7,201","1,532","21,528",4733,"6,707","1,480","21,051",4642,"6,181","1,181","20,669",4521,"6,298","1,156","20,032",4373,"6,002","1,196","19,574",4736,"6,084","1,184","19,384"," 	91,311 ","131,165"," 	(39,854)",143.65%,-0.14," 	21,387 ","2,156",10%
,Female,633,796,145,"1,420",613,743,168,"1,509",679,761,229,"1,671",663,938,212,"1,576",653,957,280,"1,562",665,904,207,"1,514",715,871,233,"1,603",649,879,203,"1,604",643,835,196,"1,633",571,836,210,"1,517",540,763,167,"1,473",557,722,103,"1,386",472,618,92,"1,337",520,542,78,"1,391",528,609,68,"1,369",504,603,76,"1,355",659,634,101,"1,474"," 	10,264 ","13,011"," 	(2,747)",126.76%,-0.14," 	1,494 ",163,11%
South Dakota ,Total,995,"1,335",343,"2,616",1018,"1,388",437,"2,790",1248,"1,800",434,"2,918",1288,"1,992",522,"3,026",1382,"2,432",680,"3,095",1441,"2,652",842,"3,463",1296,"3,146",787,"3,359",1229,"3,271",870,"3,311",1185,"3,110",888,"3,342",1297,"3,089",888,"3,434",1239,"2,869",695,"3,434",1247,"2,746",779,"3,535",1135,"1,970",850,"3,650",1059,"1,838",781,"3,682",1073,"2,429",539,"3,608",1220,"2,764",549,"3,564",1510,"2,845",573,"3,831"," 	20,862 ","41,676"," 	(20,814)",199.77%,0.44," 	3,333 ",674,20%
,Male,876,"1,170",289,"2,416",879,"1,190",370,"2,570",1086,"1,560",380,"2,691",1070,"1,700",466,"2,757",1169,"2,101",587,"2,803",1171,"2,253",736,"3,107",1056,"2,693",683,"3,009",989,"2,832",741,"2,942",956,"2,670",767,"2,987",1062,"2,661",743,"3,054",1014,"2,485",594,"3,023",970,"2,326",672,"3,094",956,"1,648",725,"3,227",873,"1,536",639,"3,240",877,"2,031",450,"3,199",957,"2,291",446,"3,148",1179,"2,324",446,"3,333"," 	17,140 ","35,471"," 	(18,331)",206.95%,0.49," 	2,976 ",573,19%
,Female,119,165,54,200,139,198,67,220,162,240,54,227,218,292,56,269,213,331,93,292,270,399,106,356,240,453,104,350,240,439,129,369,229,440,121,355,235,428,145,380,225,384,101,411,277,420,107,441,179,322,125,423,186,302,142,442,196,398,89,409,263,473,103,416,331,521,127,498," 	3,722 ","6,205"," 	(2,483)",166.71%,0.26, 	356 ,101,28%
Tennessee ,Total,8940,"14,128","4,735","22,166",8766,"12,895","5,529","23,671",9157,"13,765","5,865","24,989",8079,"13,963","4,980","25,403",7928,"13,508","5,221","25,884",8567,"14,710","5,684","26,369",7913,"15,508","5,742","25,745",8623,"15,717","5,912","26,267",8425,"15,621","5,771","27,228",8559,"15,971","5,224","26,965",8803,"14,969","5,003","27,451",8906,"15,172","5,364","28,479",8577,"16,163","5,337","28,411",8274,"16,582","5,521","28,521",8911,"15,769","6,055","28,769",7954,"14,700","5,562","28,172",7765,"13,685","5,133","28,203"," 	144,147 ","252,826"," 	(108,679)",175.39%,0.20," 	26,629 ","5,449",20%
,Male,7799,"12,447","4,209","20,797",7723,"11,300","4,896","22,203",7912,"12,076","5,154","23,254",7043,"12,150","4,357","23,577",6897,"11,687","4,523","23,979",7371,"12,692","4,888","24,347",6783,"13,372","4,972","23,787",7488,"13,466","5,101","24,344",7205,"13,442","4,975","25,099",7358,"13,751","4,544","24,956",7612,"12,924","4,285","25,345",7570,"12,928","4,605","26,070",7197,"13,549","4,526","26,048",6948,"13,909","4,616","26,069",7415,"13,108","5,014","26,160",6660,"12,281","4,618","25,532",6489,"11,377","4,278","25,481"," 	123,470 ","216,459"," 	(92,989)",175.31%,0.17," 	24,532 ","4,680",19%
,Female,1141,"1,681",526,"1,369",1043,"1,595",633,"1,468",1245,"1,689",711,"1,735",1036,"1,813",623,"1,826",1031,"1,821",698,"1,905",1196,"2,018",796,"2,022",1130,"2,136",770,"1,958",1135,"2,251",811,"1,923",1220,"2,179",796,"2,129",1201,"2,220",680,"2,009",1191,"2,045",718,"2,106",1336,"2,244",759,"2,409",1380,"2,614",811,"2,363",1326,"2,673",905,"2,452",1496,"2,661","1,041","2,609",1294,"2,419",944,"2,640",1276,"2,308",855,"2,722"," 	20,677 ","36,367"," 	(15,690)",175.88%,0.35," 	2,097 ",769,37%
Texas ,Total,32246,"86,782","11,224","166,719",43310,"66,228","17,966","162,070",45755,"64,720","17,691","162,003",35966,"65,173","10,569","166,911",44261,"65,804","22,395","168,105",42445,"71,090","28,300","169,003",42676,"70,413","27,457","172,116",44641,"73,029","26,199","171,790",46285,"72,173","25,450","172,506",46440,"72,322","23,876","171,249",48470,"71,500","23,942","173,649",49636,"74,547","23,422","172,224",50071,"82,130","24,331","166,372",49825,"74,093","24,188","168,280",49825,"77,277","24,482","166,043",49632,"76,189","24,167","163,909",47207,"76,733","26,538","163,703"," 	768,691 ","1,240,203"," 	(471,512)",161.34%,0.06," 	168,038 ","22,482",13%
,Male,28272,"77,391","10,306","153,097",38143,"58,528","16,683","149,701",39903,"57,612","16,226","148,952",31560,"57,583","9,797","153,424",38364,"58,249","20,377","154,147",36686,"63,138","26,031","155,497",36891,"62,285","25,276","158,317",38746,"65,095","24,201","157,859",40062,"64,043","23,639","158,653",40600,"64,415","22,147","157,679",42058,"63,896","22,253","159,298",43154,"66,365","21,789","158,036",42976,"72,532","22,587","152,823",42459,"65,108","22,409","154,450",42459,"68,264","22,665","151,717",41838,"66,358","22,208","149,501",39626,"66,529","24,294","149,368"," 	663,797 ","1,097,391"," 	(433,594)",165.32%,0.07," 	154,266 ","20,758",13%
,Female,3974,"9,391",918,"13,622",5167,"7,700","1,283","12,369",5852,"7,108","1,465","13,051",4406,"7,590",772,"13,487",5897,"7,555","2,018","13,958",5759,"7,952","2,269","13,506",5785,"8,128","2,181","13,799",5895,"7,934","1,998","13,931",6223,"8,130","1,811","13,853",5840,"7,907","1,729","13,570",6412,"7,604","1,689","14,351",6482,"8,182","1,633","14,188",7095,"9,598","1,744","13,549",7366,"8,985","1,779","13,830",7366,"9,013","1,817","14,326",7794,"9,831","1,959","14,408",7581,"10,204","2,244","14,335"," 	104,894 ","142,812"," 	(37,918)",136.15%,-0.05," 	13,773 ","1,724",13%
Utah ,Total,1537,"2,904","1,731","5,637",1374,"3,151","1,490","5,339",1561,"2,866","1,502","5,562",1773,"3,090","1,528","5,763",1840,"3,051","1,433","5,991",1943,"3,250","1,656","6,382",1882,"3,469","1,649","6,433",1822,"3,393","1,644","6,515",1777,"3,400","1,617","6,552",1951,"3,498","1,632","6,538",2065,"3,109","1,312","6,807",2035,"3,206","1,223","6,879",1945,"3,063","1,197","6,962",1963,"2,988","1,131","7,077",1596,"2,979","1,326","7,031",1419,"3,346","1,384","6,495",1483,"3,611","1,810","6,182"," 	29,966 ","54,374"," 	(24,408)",181.45%,0.26," 	6,361 ","1,486",23%
,Male,1366,"2,554","1,517","5,256",1209,"2,771","1,333","5,024",1358,"2,558","1,341","5,191",1510,"2,700","1,343","5,336",1552,"2,642","1,227","5,480",1623,"2,740","1,417","5,807",1551,"2,931","1,399","5,810",1523,"2,856","1,393","5,883",1484,"2,847","1,354","5,912",1659,"2,902","1,368","5,956",1729,"2,582","1,095","6,199",1720,"2,679","1,010","6,266",1593,"2,549","1,010","6,323",1607,"2,469",950,"6,415",1328,"2,464","1,080","6,369",1220,"2,790","1,174","5,980",1278,"3,071","1,585","5,777"," 	25,310 ","46,105"," 	(20,795)",182.16%,0.24," 	5,823 ","1,270",22%
,Female,171,350,214,381,165,380,157,315,203,308,161,371,263,390,185,427,288,409,206,511,320,510,239,575,331,538,250,623,299,537,251,632,293,553,263,640,292,596,264,582,336,527,217,608,315,527,213,613,352,514,187,639,356,519,181,662,268,515,246,662,199,556,210,515,205,540,225,405," 	4,656 ","8,269"," 	(3,613)",177.60%,0.37, 	539 ,216,40%
Vermont ,Total,386,949,171,"1,697",353,"1,077",168,"1,741",767,"1,857","1,018","1,863",905,"1,985","1,082","1,944",975,"2,261","1,233","1,968",1003,"2,260","1,254","2,078",1025,"2,329","1,315","2,215",808,"2,391","1,554","2,116",799,"2,271","1,474","2,116",713,"2,008","1,393","2,220",730,"2,158","1,349","2,079",640,"2,096","1,404","2,053",597,"2,004","1,315","2,034",662,"1,801","1,196","2,078",601,"1,785","1,114","1,979",601,"1,935","1,114","1,750",601,"1,778","1,114","1,735"," 	12,166 ","32,945"," 	(20,779)",270.80%,1.15," 	1,980 ","1,133",57%
,Male,343,863,166,"1,617",307,981,165,"1,646",676,"1,632",871,"1,731",796,"1,698",920,"1,809",858,"1,976","1,084","1,825",847,"1,937","1,085","1,926",898,"1,993","1,108","2,058",710,"2,047","1,315","1,998",711,"1,910","1,221","1,998",628,"1,720","1,170","2,065",637,"1,835","1,120","1,930",558,"1,800","1,186","1,905",538,"1,720","1,120","1,907",590,"1,565","1,010","1,924",528,"1,513",908,"1,823",528,"1,633",908,"1,600",528,"1,498",908,"1,600"," 	10,681 ","28,321"," 	(17,640)",265.15%,1.07," 	1,845 ",957,52%
,Female,43,86,5,80,46,96,3,95,91,225,147,132,109,287,162,135,117,285,149,143,156,323,169,152,127,336,207,157,98,344,239,118,88,361,253,118,85,288,223,155,93,323,229,149,82,296,218,148,59,284,195,127,72,236,186,154,73,272,206,156,73,302,206,150,73,280,206,135," 	1,485 ","4,624"," 	(3,139)",311.38%,1.71, 	136 ,177,130%
Virginia ,Total,8828,"9,148",963,"30,168",9995,"9,816",730,"31,662",9995,"9,816",730,"34,973",11090,"11,606",610,"35,067",11106,"11,148",539,"35,564",11555,"12,180",434,"35,344",12256,"12,794",578,"36,688",13214,"12,559",759,"37,984",13001,"13,194",624,"38,216",12205,"13,168",349,"38,059",12064,"13,020",148,"37,638",11011,"12,380",129,"38,130",11507,"11,585",220,"37,044",11531,"11,898",105,"36,982",12150,"12,115",87,"37,544",11670,"12,490",92,"38,403",12030,"12,665",133,"37,813"," 	195,208 ","201,582"," 	(6,374)",103.27%,-0.53," 	36,311 ",425,1%
,Male,7809,"8,146",886,"28,109",8821,"8,778",685,"29,422",8821,"8,778",685,"32,332",9728,"10,258",584,"32,386",9817,"9,872",527,"32,858",10067,"10,629",417,"32,676",10719,"11,300",550,"33,795",11647,"11,063",726,"35,055",11444,"11,623",586,"35,249",10716,"11,616",331,"35,156",10669,"11,533",141,"34,790",9724,"10,997",125,"35,321",10156,"10,266",214,"34,150",10039,"10,492",102,"34,133",10451,"10,650",85,"34,529",10006,"10,871",90,"35,167",10331,"10,883",131,"34,704"," 	170,965 ","177,755"," 	(6,790)",103.97%,-0.54," 	33,520 ",404,1%
,Female,1019,"1,002",77,"2,059",1174,"1,038",45,"2,240",1174,"1,038",45,"2,641",1362,"1,348",26,"2,681",1289,"1,276",12,"2,706",1488,"1,551",17,"2,668",1537,"1,494",28,"2,893",1567,"1,496",33,"2,929",1557,"1,571",38,"2,967",1489,"1,552",18,"2,903",1395,"1,487",7,"2,848",1287,"1,383",4,"2,809",1351,"1,319",6,"2,894",1492,"1,406",3,"2,849",1699,"1,465",2,"3,015",1664,"1,619",2,"3,236",1699,"1,782",2,"3,109"," 	24,243 ","23,827", 	416 ,98.28%,-0.42," 	2,791 ",21,1%
Washington ,Total,6224,"6,905",597,"14,915",6379,"7,058",406,"15,159",7626,"7,494",622,"16,062",7846,"9,170","1,178","16,148",8386,"11,660","3,150","16,614",8357,"12,011","3,940","17,382",8419,"15,445","7,110","17,561",8172,"16,541","8,298","17,772",7918,"15,095","7,144","17,926",7679,"17,079","9,386","18,233",7242,"17,083","9,832","18,235",7368,"16,441","8,960","17,847",7622,"18,205","10,605","17,271",8106,"20,903","13,315","17,984",7642,"20,931","13,153","18,120",7489,"21,993","14,334","18,284",7356,"25,004","17,694","19,104"," 	129,831 ","259,018"," 	(129,187)",199.50%,0.44," 	17,330 ","7,631",44%
,Male,5558,"6,028",506,"13,850",5648,"6,174",342,"14,080",6647,"6,579",527,"14,808",6835,"8,009","1,035","14,860",7319,"10,151","2,774","15,284",7224,"10,496","3,489","15,927",7273,"13,544","6,328","16,065",7078,"14,466","7,327","16,258",6931,"13,312","6,354","16,522",6793,"15,194","8,383","16,836",6417,"15,289","8,870","16,808",6487,"14,742","8,161","16,452",6720,"16,223","9,524","15,934",7096,"18,566","11,937","16,535",6757,"18,622","11,792","16,666",6563,"19,405","12,786","16,829",6375,"22,188","15,804","17,446"," 	113,721 ","228,988"," 	(115,267)",201.36%,0.44," 	15,951 ","6,820",43%
,Female,666,877,91,"1,065",731,884,64,"1,079",979,915,95,"1,254",1011,"1,161",143,"1,288",1067,"1,509",376,"1,330",1133,"1,515",451,"1,455",1146,"1,901",782,"1,496",1094,"2,075",971,"1,514",987,"1,783",790,"1,404",886,"1,885","1,003","1,397",825,"1,794",962,"1,427",881,"1,699",799,"1,395",902,"1,982","1,081","1,337",1010,"2,337","1,378","1,449",885,"2,309","1,361","1,454",926,"2,588","1,548","1,455",981,"2,816","1,890","1,658"," 	16,110 ","30,030"," 	(13,920)",186.41%,0.46," 	1,380 ",811,59%
West Virginia ,Total,1089,"1,269",214,"3,856",1150,"1,426",225,"4,215",1508,"1,809",207,"4,544",1405,"1,886",239,"4,758",1645,"1,956",225,"5,067",1890,"2,157",386,"5,312",1563,"2,407",965,"5,733",1758,"2,981","1,139","6,056",1458,"3,132","1,266","6,059",1722,"2,950","1,109","6,367",1689,"3,013","1,188","6,681",1700,"3,270","1,207","6,826",1724,"3,306","1,327","7,070",1729,"3,794","1,393","6,824",1885,"3,489","1,217","6,896",2288,"3,652","1,201","7,118",2272,"3,559",984,"7,162"," 	28,475 ","46,056"," 	(17,581)",161.74%,0.06," 	5,914 ",852,14%
,Male,953,"1,154",201,"3,553",1080,"1,340",215,"3,869",1331,"1,609",192,"4,182",1244,"1,712",224,"4,353",1486,"1,782",205,"4,608",1637,"1,965",362,"4,832",1360,"2,107",816,"5,159",1550,"2,567",941,"5,422",1260,"2,693","1,074","5,411",1480,"2,490",917,"5,683",1442,"2,516",978,"5,956",1479,"2,776",970,"6,074",1458,"2,771","1,094","6,265",1449,"3,164","1,113","6,016",1576,"2,858",948,"6,065",1890,"2,986",971,"6,253",1910,"2,948",775,"6,286"," 	24,585 ","39,438"," 	(14,853)",160.41%,0.03," 	5,293 ",706,13%
,Female,136,115,13,303,70,86,10,346,177,200,15,362,161,174,15,405,159,174,20,459,253,192,24,480,203,300,149,574,208,414,198,634,198,439,192,648,242,460,192,684,247,497,210,725,221,494,237,752,266,535,233,805,280,630,280,808,309,631,269,831,398,666,230,865,362,611,209,876," 	3,890 ","6,618"," 	(2,728)",170.13%,0.29, 	621 ,147,24%
Wisconsin ,Total,5952,"8,158","2,442","20,754",5248,"7,027","2,111","21,495",5617,"7,699","2,372","22,113",5553,"8,107","2,445","22,604",5428,"8,596","2,629","22,959",4935,"8,852","2,833","22,697",5233,"8,749","3,470","23,415",5085,"8,903","3,502","23,743",4613,"9,391","2,946","23,379",4321,"8,771","2,922","23,165",4308,"8,640","2,799","22,729",3848,"7,825","2,562","22,657",3774,"7,760","2,426","22,600",4645,"5,482","2,671","22,471",4129,"5,442","1,975","22,597",4233,"5,553","2,185","22,975",4272,"5,771","2,301","23,377"," 	81,194 ","130,726"," 	(49,532)",161.00%,0.05," 	22,690 ","2,623",12%
,Male,5408,"7,437","2,291","19,387",4802,"6,355","1,962","20,192",5065,"7,058","2,241","20,757",5019,"7,421","2,309","21,199",4906,"7,879","2,471","21,572",4445,"8,097","2,628","21,348",4728,"8,029","3,233","21,991",4576,"8,195","3,249","22,216",4218,"8,589","2,771","22,022",3907,"8,070","2,726","21,859",3918,"7,990","2,643","21,465",3463,"7,187","2,451","21,472",3350,"7,150","2,287","21,375",4180,"5,090","2,535","21,232",3607,"5,097","1,835","21,219",3676,"5,108","2,042","21,567",3721,"5,289","2,121","21,889"," 	72,989 ","120,041"," 	(47,052)",164.46%,0.07," 	21,339 ","2,459",12%
,Female,544,721,151,"1,367",446,672,149,"1,303",552,641,131,"1,356",534,686,136,"1,405",522,717,158,"1,387",490,755,205,"1,349",505,720,237,"1,424",509,708,253,"1,527",395,802,175,"1,357",414,701,196,"1,306",390,650,156,"1,264",385,638,111,"1,185",424,610,139,"1,225",465,392,136,"1,239",522,345,140,"1,378",557,445,143,"1,408",551,482,180,"1,488"," 	8,205 ","10,685"," 	(2,480)",130.23%,-0.11," 	1,351 ",164,12%
Wyoming ,Total,483,702,155,"1,680",581,734,150,"1,684",617,703,152,"1,737",659,661,131,"1,872",645,672,123,"1,980",676,722,96,"2,047",729,784,108,"2,114",658,792,88,"2,084",661,792,117,"2,084",700,832,115,"2,075",715,802,114,"2,112",739,796,118,"2,183",770,894,137,"2,204",808,914,196,"2,310",752,874,185,"2,383",755,917,187,"2,424",748,"1,056",249,"2,374"," 	11,696 ","13,647"," 	(1,951)",116.68%,," 	2,079 ",142,7%
,Male,400,631,154,"1,524",504,634,148,"1,549",530,639,144,"1,570",583,585,123,"1,697",544,594,111,"1,770",556,609,92,"1,825",614,675,93,"1,871",554,683,81,"1,838",577,662,110,"1,876",598,725,105,"1,861",613,703,100,"1,881",631,682,104,"1,944",654,768,125,"1,966",683,781,166,"2,050",650,765,161,"2,106",637,769,168,"2,157",616,907,213,"2,088"," 	9,944 ","11,812"," 	(1,868)",118.79%,," 	1,857 ",129,7%
,Female,83,71,1,156,77,100,2,135,87,64,8,167,76,76,8,175,101,78,12,210,120,113,4,222,115,109,15,243,104,109,7,246,84,130,7,208,102,107,10,214,102,99,14,231,108,114,14,239,116,126,12,238,125,133,30,260,102,109,24,277,118,148,19,267,132,149,36,286," 	1,752 ","1,835", 	(83),104.74%,, 	222 ,13,6%
,,,,,,,,,,,,,,,,,,,,,,,,,,,,,,,,,,,,,,,,,,,,,,,,,,,,,,,,,,,,,,,,,,,,,,,,Total Mean, 	1.71 ,,,,
,,,,,,,,,,,,,,,,,,,,,,,,,,,,,,,,,,,,,,,,,,,,,,,,,,,,,,,,,,,,,,,,,,,,,,,,Male Mean, 	1.72 ,,,,
,,,,,,,,,,,,,,,,,,,,,,,,,,,,,,,,,,,,,,,,,,,,,,,,,,,,,,,,,,,,,,,,,,,,,,,,Female Mean, 	1.59 ,,,,
,,,,,,,,,,,,,,,,,,,,,,,,,,,,,,,,,,,,,,,,,,,,,,,,,,,,,,,,,,,,,,,,,,,,,,,,Total STD DEV,1.03,,,,
,,,,,,,,,,,,,,,,,,,,,,,,,,,,,,,,,,,,,,,,,,,,,,,,,,,,,,,,,,,,,,,,,,,,,,,,Male STD DEV,1.03,,,,
,,,,,,,,,,,,,,,,,,,,,,,,,,,,,,,,,,,,,,,,,,,,,,,,,,,,,,,,,,,,,,,,,,,,,,,,Female STD DEV,1.11,,,,
